Route,lat,lon,elevation
1,-2.30482,-78.11756,
2,-2.3048,-78.11784,
3,-2.3048,-78.11784,
4,-2.30558,-78.11792,
5,-2.30633,-78.118,
6,-2.30639,-78.11801,
7,-2.30671,-78.11806,
8,-2.3076,-78.11816,
9,-2.30859,-78.11827,
10,-2.30859,-78.11827,
11,-2.30857,-78.11839,
12,-2.30854,-78.11853,
13,-2.30826,-78.11928,
14,-2.30788,-78.12028,
15,-2.30776,-78.12068,
16,-2.30776,-78.12068,
17,-2.30798,-78.1209,
18,-2.30825,-78.12119,
19,-2.30838,-78.12134,
20,-2.30864,-78.12162,
21,-2.30888,-78.12192,
22,-2.30914,-78.12221,
23,-2.30934,-78.12242,
24,-2.30949,-78.12253,
25,-2.30965,-78.12259,
26,-2.30965,-78.12259,
27,-2.30964,-78.12262,
28,-2.30965,-78.12266,
29,-2.30967,-78.12269,
30,-2.30969,-78.12271,
31,-2.30973,-78.12272,
32,-2.30976,-78.12272,
33,-2.30976,-78.12272,
34,-2.31079,-78.12295,
35,-2.31099,-78.12302,
36,-2.31116,-78.1231,
37,-2.31136,-78.12323,
38,-2.31148,-78.12337,
39,-2.31157,-78.12351,
40,-2.31165,-78.12363,
41,-2.31169,-78.12377,
42,-2.3117,-78.12395,
43,-2.3117,-78.1243,
44,-2.3117,-78.1243,
45,-2.3117,-78.12434,
46,-2.31171,-78.12438,
47,-2.31173,-78.12441,
48,-2.31176,-78.12444,
49,-2.3118,-78.12446,
50,-2.3118,-78.12446,
51,-2.31192,-78.12454,
52,-2.31231,-78.12474,
53,-2.31271,-78.125,
54,-2.31287,-78.1251,
55,-2.31318,-78.12529,
56,-2.31351,-78.12551,
57,-2.31369,-78.12566,
58,-2.31383,-78.12583,
59,-2.31445,-78.12663,
60,-2.31463,-78.12684,
61,-2.31492,-78.12717,
62,-2.31524,-78.1275,
63,-2.31618,-78.12847,
64,-2.31704,-78.12934,
65,-2.31849,-78.13083,
66,-2.31919,-78.13155,
67,-2.32007,-78.13239,
68,-2.32134,-78.1336,
69,-2.322,-78.13427,
70,-2.32265,-78.13493,
71,-2.32336,-78.13562,
72,-2.32395,-78.13619,
73,-2.32463,-78.1369,
74,-2.32479,-78.13707,
75,-2.32517,-78.13746,
76,-2.32531,-78.13762,
77,-2.32559,-78.13798,
78,-2.3263,-78.13915,
79,-2.32646,-78.13946,
80,-2.32668,-78.13974,
81,-2.32683,-78.13995,
82,-2.32688,-78.13999,
83,-2.32693,-78.14004,
84,-2.32717,-78.14022,
85,-2.32723,-78.14025,
86,-2.32741,-78.14032,
87,-2.32759,-78.14037,
88,-2.32778,-78.14049,
89,-2.32784,-78.14058,
90,-2.32784,-78.14058,
91,-2.32784,-78.14063,
92,-2.32786,-78.14069,
93,-2.32789,-78.14074,
94,-2.32793,-78.14079,
95,-2.32799,-78.14082,
96,-2.32805,-78.14084,
97,-2.32811,-78.14084,
98,-2.32817,-78.14082,
99,-2.32823,-78.14079,
100,-2.32828,-78.14075,
101,-2.32828,-78.14075,
102,-2.32843,-78.14069,
103,-2.32871,-78.14057,
104,-2.32883,-78.1405,
105,-2.32902,-78.14045,
106,-2.32931,-78.14026,
107,-2.33082,-78.13891,
108,-2.33173,-78.13828,
109,-2.33256,-78.13778,
110,-2.33287,-78.13769,
111,-2.33327,-78.13768,
112,-2.33342,-78.13764,
113,-2.33357,-78.13754,
114,-2.33384,-78.1372,
115,-2.33412,-78.13672,
116,-2.33447,-78.13613,
117,-2.33479,-78.13584,
118,-2.335,-78.13574,
119,-2.33517,-78.13569,
120,-2.33544,-78.13568,
121,-2.33592,-78.13587,
122,-2.33696,-78.13644,
123,-2.33966,-78.13801,
124,-2.3397,-78.13804,
125,-2.34155,-78.13929,
126,-2.34199,-78.1396,
127,-2.34225,-78.13984,
128,-2.34254,-78.14009,
129,-2.34298,-78.14061,
130,-2.34322,-78.1409,
131,-2.34331,-78.141,
132,-2.34375,-78.14152,
133,-2.34381,-78.1416,
134,-2.34391,-78.14175,
135,-2.34396,-78.14184,
136,-2.34399,-78.14188,
137,-2.34419,-78.14222,
138,-2.34437,-78.14272,
139,-2.34481,-78.14393,
140,-2.34494,-78.14434,
141,-2.345,-78.14453,
142,-2.34506,-78.14472,
143,-2.34511,-78.1449,
144,-2.34511,-78.14493,
145,-2.34515,-78.14538,
146,-2.34519,-78.14656,
147,-2.34527,-78.14885,
148,-2.34538,-78.15114,
149,-2.34545,-78.15244,
150,-2.34541,-78.15307,
151,-2.34528,-78.15359,
152,-2.34518,-78.15394,
153,-2.34501,-78.15439,
154,-2.34476,-78.15503,
155,-2.34447,-78.15585,
156,-2.34439,-78.15609,
157,-2.34422,-78.15687,
158,-2.34414,-78.15755,
159,-2.34416,-78.15777,
160,-2.34424,-78.15803,
161,-2.34444,-78.15819,
162,-2.34469,-78.15833,
163,-2.34573,-78.15873,
164,-2.34607,-78.15881,
165,-2.34623,-78.15884,
166,-2.34662,-78.1589,
167,-2.34686,-78.15883,
168,-2.34706,-78.15868,
169,-2.34744,-78.15788,
170,-2.34769,-78.15775,
171,-2.34785,-78.15775,
172,-2.34804,-78.15783,
173,-2.34822,-78.15804,
174,-2.34859,-78.15852,
175,-2.34888,-78.15885,
176,-2.34918,-78.15916,
177,-2.34936,-78.15926,
178,-2.34956,-78.15933,
179,-2.34988,-78.15934,
180,-2.35088,-78.15915,
181,-2.35115,-78.15902,
182,-2.35133,-78.15886,
183,-2.3516,-78.1585,
184,-2.35175,-78.15833,
185,-2.35186,-78.15826,
186,-2.35196,-78.15822,
187,-2.35206,-78.1582,
188,-2.35216,-78.15819,
189,-2.35239,-78.1582,
190,-2.35254,-78.15826,
191,-2.35269,-78.15835,
192,-2.35309,-78.15875,
193,-2.35353,-78.15895,
194,-2.35388,-78.15889,
195,-2.35405,-78.15882,
196,-2.35421,-78.15873,
197,-2.35479,-78.15817,
198,-2.35483,-78.15813,
199,-2.35573,-78.15681,
200,-2.35595,-78.15659,
201,-2.35622,-78.15645,
202,-2.35856,-78.15589,
203,-2.36014,-78.15552,
204,-2.36145,-78.15522,
205,-2.3619,-78.15522,
206,-2.36218,-78.15528,
207,-2.36257,-78.15544,
208,-2.36403,-78.15633,
209,-2.36653,-78.15785,
210,-2.36809,-78.1588,
211,-2.36868,-78.15911,
212,-2.36875,-78.15915,
213,-2.37201,-78.16054,
214,-2.37305,-78.16106,
215,-2.37364,-78.16142,
216,-2.374,-78.1617,
217,-2.3751,-78.16287,
218,-2.37534,-78.1631,
219,-2.3761,-78.16376,
220,-2.3768,-78.16411,
221,-2.37886,-78.1646,
222,-2.37963,-78.16488,
223,-2.37986,-78.16499,
224,-2.38038,-78.16525,
225,-2.38165,-78.16598,
226,-2.38365,-78.16712,
227,-2.38574,-78.16831,
228,-2.38729,-78.1692,
229,-2.38814,-78.16959,
230,-2.3884,-78.16967,
231,-2.38869,-78.16976,
232,-2.38921,-78.16987,
233,-2.39013,-78.17007,
234,-2.39312,-78.17069,
235,-2.39337,-78.17065,
236,-2.39362,-78.17051,
237,-2.3938,-78.17032,
238,-2.39415,-78.16994,
239,-2.39448,-78.1697,
240,-2.39522,-78.16935,
241,-2.3956,-78.16915,
242,-2.39584,-78.16896,
243,-2.39607,-78.16873,
244,-2.39848,-78.16559,
245,-2.40004,-78.16359,
246,-2.40052,-78.16301,
247,-2.40127,-78.16232,
248,-2.40139,-78.16208,
249,-2.40166,-78.16129,
250,-2.40191,-78.16082,
251,-2.40233,-78.16034,
252,-2.40261,-78.16003,
253,-2.40487,-78.15738,
254,-2.40548,-78.15667,
255,-2.40587,-78.15633,
256,-2.40621,-78.15614,
257,-2.40675,-78.15598,
258,-2.40782,-78.15572,
259,-2.40853,-78.15555,
260,-2.40998,-78.15519,
261,-2.41033,-78.15515,
262,-2.4107,-78.15515,
263,-2.41101,-78.15521,
264,-2.4115,-78.15534,
265,-2.41218,-78.15552,
266,-2.41253,-78.15561,
267,-2.41312,-78.15556,
268,-2.41343,-78.15537,
269,-2.41379,-78.15501,
270,-2.41384,-78.15497,
271,-2.41437,-78.15445,
272,-2.41474,-78.15409,
273,-2.41551,-78.15387,
274,-2.41563,-78.15385,
275,-2.4165,-78.15368,
276,-2.41738,-78.15352,
277,-2.41828,-78.15335,
278,-2.41892,-78.15324,
279,-2.41925,-78.15318,
280,-2.42023,-78.15308,
281,-2.42197,-78.15286,
282,-2.42559,-78.1525,
283,-2.42655,-78.15246,
284,-2.42696,-78.15256,
285,-2.42743,-78.15283,
286,-2.42761,-78.15297,
287,-2.43163,-78.15609,
288,-2.43201,-78.15641,
289,-2.4326,-78.15693,
290,-2.43428,-78.15838,
291,-2.43543,-78.15937,
292,-2.43763,-78.16136,
293,-2.43869,-78.16232,
294,-2.43892,-78.16248,
295,-2.43947,-78.16286,
296,-2.4398,-78.1631,
297,-2.44037,-78.16351,
298,-2.44071,-78.1637,
299,-2.44158,-78.16418,
300,-2.44233,-78.1646,
301,-2.44255,-78.16472,
302,-2.44263,-78.16476,
303,-2.44346,-78.16522,
304,-2.44511,-78.16613,
305,-2.44655,-78.16735,
306,-2.44782,-78.16844,
307,-2.44808,-78.16865,
308,-2.44859,-78.16898,
309,-2.4494,-78.16951,
310,-2.44966,-78.16968,
311,-2.44977,-78.16976,
312,-2.45011,-78.16998,
313,-2.45081,-78.17042,
314,-2.45103,-78.17057,
315,-2.45103,-78.17057,
316,-2.45112,-78.17063,
317,-2.45143,-78.17083,
318,-2.45201,-78.17119,
319,-2.4527,-78.17162,
320,-2.45316,-78.17191,
321,-2.45362,-78.17223,
322,-2.45362,-78.17223,
323,-2.45377,-78.17277,
324,-2.4538,-78.1729,
325,-2.45383,-78.17302,
326,-2.45399,-78.17367,
327,-2.45399,-78.17367,
328,-2.4549,-78.17343,
329,-2.45576,-78.17319,
330,-2.45648,-78.17299,
331,-2.45648,-78.17299,
332,-2.45638,-78.17257,
333,-2.45638,-78.17257,
334,-2.45638,-78.17257,
335,-2.45625,-78.17208,
336,-2.45602,-78.17117,
337,-2.45579,-78.17027,
338,-2.45555,-78.1693,
339,-2.45555,-78.1693,
340,-2.4565,-78.16906,
341,-2.45741,-78.16884,
342,-2.45835,-78.16859,
343,-2.45918,-78.16838,
344,-2.46008,-78.16813,
345,-2.46015,-78.16812,
346,-2.46109,-78.16787,
347,-2.46169,-78.16773,
348,-2.46236,-78.16755,
349,-2.4629,-78.16728,
350,-2.46316,-78.16717,
351,-2.46322,-78.16717,
352,-2.46328,-78.16718,
353,-2.4634,-78.16728,
354,-2.4634,-78.16728,
355,-2.46363,-78.16761,
356,-2.46401,-78.1682,
357,-2.46462,-78.1692,
358,-2.46517,-78.1702,
359,-2.46528,-78.17037,
360,-2.46528,-78.17037,
361,-2.46537,-78.1704,
362,-2.46619,-78.17031,
363,-2.46713,-78.17023,
364,-2.46801,-78.17015,
365,-2.46894,-78.17007,
366,-2.46982,-78.16995,
367,-2.4707,-78.16984,
368,-2.47167,-78.1697,
369,-2.4726,-78.16957,
370,-2.47288,-78.16954,
371,-2.47454,-78.1693,
372,-2.4755,-78.16917,
373,-2.47647,-78.16903,
374,-2.4776,-78.16887,
375,-2.4783,-78.16873,
376,-2.47866,-78.16866,
377,-2.47889,-78.16864,
378,-2.47889,-78.16864,
379,-2.47892,-78.16866,
380,-2.47896,-78.16867,
381,-2.479,-78.16867,
382,-2.47904,-78.16866,
383,-2.47907,-78.16863,
384,-2.47909,-78.16859,
385,-2.47909,-78.16859,
386,-2.47911,-78.16857,
387,-2.47915,-78.16855,
388,-2.4792,-78.16853,
389,-2.47929,-78.1685,
390,-2.47937,-78.16848,
391,-2.47951,-78.16845,
392,-2.48017,-78.16833,
393,-2.48025,-78.16831,
394,-2.48033,-78.16828,
395,-2.48042,-78.16827,
396,-2.48048,-78.16825,
397,-2.48055,-78.16823,
398,-2.48065,-78.1682,
399,-2.48073,-78.16817,
400,-2.48079,-78.16815,
401,-2.48088,-78.16811,
402,-2.48103,-78.16804,
403,-2.48145,-78.16782,
404,-2.48159,-78.16775,
405,-2.48175,-78.16767,
406,-2.48182,-78.16763,
407,-2.48195,-78.16756,
408,-2.48208,-78.16749,
409,-2.48221,-78.16742,
410,-2.48235,-78.16733,
411,-2.48246,-78.16726,
412,-2.48257,-78.16717,
413,-2.48271,-78.16705,
414,-2.48281,-78.16697,
415,-2.48293,-78.16686,
416,-2.48308,-78.16672,
417,-2.48325,-78.16658,
418,-2.48344,-78.16638,
419,-2.48351,-78.1663,
420,-2.4838,-78.16598,
421,-2.48387,-78.1659,
422,-2.48402,-78.16571,
423,-2.48419,-78.16551,
424,-2.48437,-78.16533,
425,-2.48471,-78.16503,
426,-2.48489,-78.16486,
427,-2.48513,-78.16467,
428,-2.48535,-78.16451,
429,-2.48563,-78.16431,
430,-2.48573,-78.16424,
431,-2.48585,-78.16414,
432,-2.48608,-78.16398,
433,-2.48628,-78.16383,
434,-2.48635,-78.16378,
435,-2.48659,-78.1636,
436,-2.48679,-78.16345,
437,-2.48699,-78.16331,
438,-2.48721,-78.16315,
439,-2.48744,-78.16298,
440,-2.48769,-78.16279,
441,-2.48789,-78.16265,
442,-2.48815,-78.16248,
443,-2.48849,-78.1623,
444,-2.48869,-78.16218,
445,-2.48898,-78.16203,
446,-2.48924,-78.16191,
447,-2.4895,-78.16179,
448,-2.49106,-78.16107,
449,-2.49135,-78.16092,
450,-2.49153,-78.16081,
451,-2.49172,-78.1607,
452,-2.49178,-78.16066,
453,-2.49188,-78.16059,
454,-2.49213,-78.16043,
455,-2.49234,-78.1603,
456,-2.49256,-78.16017,
457,-2.49281,-78.16,
458,-2.49303,-78.15986,
459,-2.49317,-78.15977,
460,-2.49329,-78.15969,
461,-2.49346,-78.15959,
462,-2.49357,-78.15952,
463,-2.4938,-78.15937,
464,-2.49409,-78.15919,
465,-2.49432,-78.15904,
466,-2.49453,-78.15891,
467,-2.49461,-78.15885,
468,-2.49471,-78.15879,
469,-2.49487,-78.15869,
470,-2.49499,-78.15861,
471,-2.49517,-78.15851,
472,-2.49536,-78.15842,
473,-2.49555,-78.15833,
474,-2.4957,-78.15826,
475,-2.49579,-78.15823,
476,-2.49601,-78.15815,
477,-2.49614,-78.15811,
478,-2.4963,-78.15805,
479,-2.49643,-78.15801,
480,-2.49704,-78.15782,
481,-2.49759,-78.15765,
482,-2.49797,-78.15753,
483,-2.49824,-78.15746,
484,-2.49848,-78.1574,
485,-2.49856,-78.15738,
486,-2.49886,-78.15731,
487,-2.49917,-78.15722,
488,-2.49924,-78.1572,
489,-2.49934,-78.15718,
490,-2.49956,-78.15713,
491,-2.49983,-78.15707,
492,-2.5,-78.15702,
493,-2.50027,-78.15696,
494,-2.5004,-78.15693,
495,-2.50066,-78.15686,
496,-2.50099,-78.15678,
497,-2.50113,-78.15675,
498,-2.50123,-78.15672,
499,-2.50132,-78.1567,
500,-2.50141,-78.15668,
501,-2.50153,-78.15664,
502,-2.50164,-78.15662,
503,-2.50176,-78.15658,
504,-2.50185,-78.15656,
505,-2.50194,-78.15652,
506,-2.50207,-78.15648,
507,-2.5022,-78.15643,
508,-2.50228,-78.1564,
509,-2.50255,-78.15627,
510,-2.50287,-78.15613,
511,-2.50294,-78.1561,
512,-2.50316,-78.15601,
513,-2.50324,-78.15598,
514,-2.50336,-78.15593,
515,-2.50361,-78.15584,
516,-2.50374,-78.15579,
517,-2.50411,-78.15565,
518,-2.50427,-78.15559,
519,-2.50439,-78.15555,
520,-2.50452,-78.1555,
521,-2.50466,-78.15546,
522,-2.50477,-78.15542,
523,-2.5049,-78.15538,
524,-2.50499,-78.15536,
525,-2.50505,-78.15535,
526,-2.50512,-78.15534,
527,-2.50522,-78.15532,
528,-2.50535,-78.1553,
529,-2.50549,-78.15528,
530,-2.50566,-78.15526,
531,-2.5058,-78.15524,
532,-2.50632,-78.15519,
533,-2.50645,-78.15518,
534,-2.50661,-78.15518,
535,-2.50672,-78.15517,
536,-2.50677,-78.15517,
537,-2.50689,-78.15517,
538,-2.51048,-78.1551,
539,-2.51063,-78.15509,
540,-2.51073,-78.15509,
541,-2.51085,-78.15508,
542,-2.51102,-78.15508,
543,-2.51115,-78.15508,
544,-2.51127,-78.15508,
545,-2.5114,-78.1551,
546,-2.51155,-78.15511,
547,-2.51178,-78.15517,
548,-2.51211,-78.15525,
549,-2.51227,-78.1553,
550,-2.51246,-78.15535,
551,-2.51268,-78.1554,
552,-2.51286,-78.15545,
553,-2.51304,-78.15548,
554,-2.51342,-78.15552,
555,-2.51458,-78.15554,
556,-2.51498,-78.15554,
557,-2.51515,-78.15555,
558,-2.51537,-78.15556,
559,-2.5156,-78.15557,
560,-2.51588,-78.15559,
561,-2.51627,-78.15561,
562,-2.51661,-78.15562,
563,-2.51757,-78.15564,
564,-2.51795,-78.15566,
565,-2.51822,-78.15567,
566,-2.51841,-78.15567,
567,-2.52192,-78.15578,
568,-2.52277,-78.15588,
569,-2.52369,-78.15622,
570,-2.52482,-78.15674,
571,-2.52562,-78.15728,
572,-2.52771,-78.15877,
573,-2.52832,-78.15924,
574,-2.52832,-78.15924,
575,-2.52833,-78.15993,
576,-2.52833,-78.16027,
577,-2.52835,-78.16065,
578,-2.52837,-78.16149,
579,-2.52839,-78.16201,
580,-2.52843,-78.16234,
581,-2.52849,-78.16251,
582,-2.52859,-78.16267,
583,-2.52869,-78.16279,
584,-2.52881,-78.1629,
585,-2.52917,-78.16311,
586,-2.53044,-78.16385,
587,-2.53167,-78.16458,
588,-2.53271,-78.16518,
589,-2.53324,-78.16563,
590,-2.53399,-78.16648,
591,-2.53427,-78.16677,
592,-2.53461,-78.16716,
593,-2.5347,-78.16724,
594,-2.53496,-78.16729,
595,-2.53612,-78.16731,
596,-2.53725,-78.16733,
597,-2.54132,-78.16743,
598,-2.54184,-78.16747,
599,-2.54237,-78.16769,
600,-2.54298,-78.1681,
601,-2.54349,-78.16834,
602,-2.54423,-78.16853,
603,-2.54497,-78.16886,
604,-2.54513,-78.16897,
605,-2.54528,-78.16911,
606,-2.54547,-78.16925,
607,-2.54615,-78.16961,
608,-2.54684,-78.16981,
609,-2.54855,-78.17019,
610,-2.5487,-78.17022,
611,-2.54982,-78.17029,
612,-2.55327,-78.17021,
613,-2.55662,-78.16998,
614,-2.55769,-78.16993,
615,-2.55795,-78.16995,
616,-2.55818,-78.17001,
617,-2.55869,-78.17021,
618,-2.55959,-78.17087,
619,-2.55999,-78.17112,
620,-2.56091,-78.17145,
621,-2.56197,-78.17178,
622,-2.56766,-78.1736,
623,-2.56952,-78.17419,
624,-2.57065,-78.17461,
625,-2.57329,-78.17607,
626,-2.57352,-78.1762,
627,-2.57393,-78.17641,
628,-2.57435,-78.17659,
629,-2.57493,-78.1767,
630,-2.57565,-78.17682,
631,-2.57571,-78.17684,
632,-2.5767,-78.17703,
633,-2.57734,-78.17718,
634,-2.5799,-78.17769,
635,-2.58017,-78.17773,
636,-2.58086,-78.17784,
637,-2.58296,-78.17798,
638,-2.59447,-78.17973,
639,-2.59548,-78.17994,
640,-2.59572,-78.18003,
641,-2.59749,-78.18061,
642,-2.59838,-78.18068,
643,-2.59861,-78.18074,
644,-2.59881,-78.18088,
645,-2.59944,-78.18227,
646,-2.59946,-78.18257,
647,-2.59933,-78.18279,
648,-2.59864,-78.1832,
649,-2.59828,-78.18358,
650,-2.59805,-78.18377,
651,-2.59777,-78.1838,
652,-2.59712,-78.18363,
653,-2.59699,-78.18364,
654,-2.59689,-78.18368,
655,-2.5968,-78.18378,
656,-2.59674,-78.18392,
657,-2.59674,-78.1841,
658,-2.59677,-78.18421,
659,-2.59684,-78.18428,
660,-2.59806,-78.18464,
661,-2.59884,-78.18503,
662,-2.59909,-78.18516,
663,-2.59921,-78.18528,
664,-2.59927,-78.18542,
665,-2.59927,-78.18557,
666,-2.59918,-78.18583,
667,-2.59905,-78.18615,
668,-2.59902,-78.18633,
669,-2.59902,-78.18646,
670,-2.59904,-78.18656,
671,-2.59908,-78.18665,
672,-2.59914,-78.18671,
673,-2.59923,-78.18678,
674,-2.59937,-78.18682,
675,-2.60078,-78.18694,
676,-2.60099,-78.18699,
677,-2.60122,-78.18706,
678,-2.6014,-78.18715,
679,-2.60164,-78.18729,
680,-2.60239,-78.18787,
681,-2.60341,-78.18872,
682,-2.60374,-78.18914,
683,-2.60382,-78.18924,
684,-2.60389,-78.18932,
685,-2.60395,-78.18937,
686,-2.60411,-78.18946,
687,-2.60432,-78.18953,
688,-2.60525,-78.18979,
689,-2.60546,-78.18983,
690,-2.60562,-78.18984,
691,-2.60577,-78.18981,
692,-2.60589,-78.18977,
693,-2.60602,-78.18971,
694,-2.60662,-78.18939,
695,-2.60687,-78.18932,
696,-2.60708,-78.1893,
697,-2.60729,-78.18933,
698,-2.6075,-78.18938,
699,-2.60768,-78.18948,
700,-2.60792,-78.18967,
701,-2.60827,-78.19006,
702,-2.60834,-78.19021,
703,-2.60839,-78.1904,
704,-2.6084,-78.19058,
705,-2.60827,-78.19281,
706,-2.60827,-78.19329,
707,-2.60829,-78.19348,
708,-2.60842,-78.19425,
709,-2.60854,-78.19481,
710,-2.60858,-78.19492,
711,-2.60864,-78.19505,
712,-2.60874,-78.1952,
713,-2.60886,-78.19533,
714,-2.60903,-78.19547,
715,-2.60918,-78.19556,
716,-2.60938,-78.19568,
717,-2.61071,-78.1962,
718,-2.61164,-78.19658,
719,-2.61327,-78.19724,
720,-2.61343,-78.19732,
721,-2.61343,-78.19732,
722,-2.61453,-78.19859,
723,-2.61615,-78.20083,
724,-2.6162,-78.20089,
725,-2.61633,-78.20103,
726,-2.61649,-78.20115,
727,-2.61659,-78.20122,
728,-2.6167,-78.20127,
729,-2.61686,-78.20134,
730,-2.61708,-78.2014,
731,-2.61986,-78.20199,
732,-2.62006,-78.20202,
733,-2.62037,-78.20203,
734,-2.62074,-78.20204,
735,-2.62114,-78.20204,
736,-2.62245,-78.20204,
737,-2.62358,-78.20204,
738,-2.62428,-78.20204,
739,-2.62533,-78.20206,
740,-2.626,-78.20209,
741,-2.62614,-78.20211,
742,-2.62624,-78.20214,
743,-2.62638,-78.20219,
744,-2.62652,-78.20225,
745,-2.62665,-78.20234,
746,-2.62741,-78.20305,
747,-2.62757,-78.20319,
748,-2.62776,-78.20332,
749,-2.62797,-78.20344,
750,-2.62819,-78.20355,
751,-2.6284,-78.20363,
752,-2.62863,-78.20369,
753,-2.62891,-78.20375,
754,-2.63191,-78.20411,
755,-2.63599,-78.20458,
756,-2.63684,-78.20468,
757,-2.63691,-78.20468,
758,-2.63706,-78.2047,
759,-2.63729,-78.20474,
760,-2.63774,-78.2048,
761,-2.63845,-78.20485,
762,-2.63871,-78.20484,
763,-2.63901,-78.2048,
764,-2.63921,-78.20476,
765,-2.63936,-78.20472,
766,-2.64097,-78.20422,
767,-2.64129,-78.20413,
768,-2.64152,-78.20409,
769,-2.6417,-78.20405,
770,-2.6419,-78.20404,
771,-2.64205,-78.20404,
772,-2.64229,-78.20407,
773,-2.64279,-78.20418,
774,-2.64367,-78.20446,
775,-2.6446,-78.20487,
776,-2.64895,-78.20701,
777,-2.64924,-78.20713,
778,-2.64945,-78.20719,
779,-2.64976,-78.20723,
780,-2.65,-78.20722,
781,-2.65025,-78.20717,
782,-2.65049,-78.2071,
783,-2.65095,-78.20693,
784,-2.6517,-78.20667,
785,-2.65189,-78.20664,
786,-2.65214,-78.20665,
787,-2.65244,-78.20673,
788,-2.6556,-78.20788,
789,-2.65658,-78.20824,
790,-2.65671,-78.2083,
791,-2.65683,-78.20838,
792,-2.65695,-78.20849,
793,-2.65703,-78.2086,
794,-2.65711,-78.20875,
795,-2.65714,-78.20885,
796,-2.65715,-78.20893,
797,-2.65716,-78.20906,
798,-2.65716,-78.20921,
799,-2.65715,-78.20944,
800,-2.65713,-78.2099,
801,-2.65713,-78.21012,
802,-2.65715,-78.21035,
803,-2.6572,-78.21071,
804,-2.65723,-78.21087,
805,-2.65726,-78.21095,
806,-2.65729,-78.21103,
807,-2.65734,-78.21112,
808,-2.6574,-78.21118,
809,-2.65746,-78.21123,
810,-2.65755,-78.21128,
811,-2.65763,-78.2113,
812,-2.65774,-78.21131,
813,-2.65784,-78.2113,
814,-2.65793,-78.21126,
815,-2.65801,-78.2112,
816,-2.65807,-78.21112,
817,-2.65815,-78.21098,
818,-2.65827,-78.21077,
819,-2.65839,-78.2106,
820,-2.65848,-78.21048,
821,-2.65869,-78.21016,
822,-2.6589,-78.20981,
823,-2.65907,-78.20956,
824,-2.65924,-78.20935,
825,-2.65962,-78.20898,
826,-2.66047,-78.20825,
827,-2.66076,-78.20803,
828,-2.66094,-78.20792,
829,-2.66103,-78.20788,
830,-2.66112,-78.20786,
831,-2.66129,-78.20784,
832,-2.66139,-78.20784,
833,-2.66153,-78.20787,
834,-2.66167,-78.2079,
835,-2.66183,-78.20799,
836,-2.662,-78.20811,
837,-2.66379,-78.20945,
838,-2.66389,-78.20951,
839,-2.66403,-78.20958,
840,-2.66418,-78.20964,
841,-2.66436,-78.20967,
842,-2.66468,-78.20969,
843,-2.66627,-78.20964,
844,-2.66639,-78.20964,
845,-2.6665,-78.20966,
846,-2.66662,-78.20968,
847,-2.66671,-78.20972,
848,-2.66678,-78.20976,
849,-2.66686,-78.20985,
850,-2.66693,-78.20995,
851,-2.66761,-78.21185,
852,-2.66777,-78.21232,
853,-2.66786,-78.21251,
854,-2.66792,-78.21259,
855,-2.66799,-78.21267,
856,-2.66808,-78.21274,
857,-2.66816,-78.21278,
858,-2.66826,-78.21281,
859,-2.66836,-78.21281,
860,-2.66843,-78.21281,
861,-2.66857,-78.21278,
862,-2.66869,-78.21274,
863,-2.66896,-78.21262,
864,-2.67031,-78.21195,
865,-2.67215,-78.21109,
866,-2.67236,-78.21101,
867,-2.67251,-78.21097,
868,-2.67269,-78.21094,
869,-2.67288,-78.21093,
870,-2.67304,-78.21094,
871,-2.6732,-78.21096,
872,-2.67349,-78.21104,
873,-2.67617,-78.21203,
874,-2.67699,-78.21234,
875,-2.67772,-78.21261,
876,-2.67781,-78.21265,
877,-2.67789,-78.21269,
878,-2.678,-78.21276,
879,-2.67812,-78.21284,
880,-2.6783,-78.213,
881,-2.67852,-78.21322,
882,-2.67903,-78.21374,
883,-2.67908,-78.21379,
884,-2.67914,-78.21386,
885,-2.6797,-78.21446,
886,-2.67977,-78.21453,
887,-2.68028,-78.21508,
888,-2.68082,-78.21564,
889,-2.6814,-78.21624,
890,-2.68215,-78.21703,
891,-2.68307,-78.2181,
892,-2.68319,-78.21824,
893,-2.68474,-78.21976,
894,-2.68484,-78.21987,
895,-2.68493,-78.22002,
896,-2.68498,-78.22016,
897,-2.68503,-78.22034,
898,-2.68545,-78.22414,
899,-2.68547,-78.22433,
900,-2.68546,-78.22453,
901,-2.68543,-78.22474,
902,-2.68541,-78.2249,
903,-2.68536,-78.22507,
904,-2.68529,-78.22522,
905,-2.68522,-78.22535,
906,-2.68514,-78.22547,
907,-2.68502,-78.22563,
908,-2.68322,-78.22757,
909,-2.68304,-78.22772,
910,-2.68287,-78.22783,
911,-2.68263,-78.22795,
912,-2.67828,-78.22993,
913,-2.67819,-78.23,
914,-2.67813,-78.23009,
915,-2.6781,-78.23015,
916,-2.67809,-78.2302,
917,-2.67808,-78.23027,
918,-2.67808,-78.23033,
919,-2.67811,-78.23048,
920,-2.67826,-78.23096,
921,-2.67829,-78.23109,
922,-2.67828,-78.23118,
923,-2.67825,-78.23125,
924,-2.67823,-78.2313,
925,-2.67818,-78.23136,
926,-2.67809,-78.23145,
927,-2.6777,-78.23162,
928,-2.67759,-78.23169,
929,-2.6775,-78.23177,
930,-2.67745,-78.23185,
931,-2.67744,-78.23189,
932,-2.67742,-78.23199,
933,-2.67741,-78.23207,
934,-2.67742,-78.23218,
935,-2.67743,-78.23223,
936,-2.67747,-78.23237,
937,-2.67755,-78.23259,
938,-2.67761,-78.23271,
939,-2.67766,-78.23279,
940,-2.6777,-78.23289,
941,-2.6778,-78.23303,
942,-2.6779,-78.23316,
943,-2.67806,-78.23333,
944,-2.67829,-78.23356,
945,-2.67843,-78.23367,
946,-2.67857,-78.23377,
947,-2.67867,-78.23384,
948,-2.67872,-78.23387,
949,-2.67878,-78.2339,
950,-2.67887,-78.23395,
951,-2.679,-78.234,
952,-2.67922,-78.23409,
953,-2.67947,-78.23419,
954,-2.67958,-78.23423,
955,-2.6797,-78.23425,
956,-2.67977,-78.23426,
957,-2.67986,-78.23427,
958,-2.67994,-78.23427,
959,-2.68008,-78.23425,
960,-2.68022,-78.23422,
961,-2.68048,-78.23416,
962,-2.6808,-78.23409,
963,-2.68099,-78.23408,
964,-2.68122,-78.2341,
965,-2.68165,-78.23418,
966,-2.68204,-78.23425,
967,-2.68221,-78.23429,
968,-2.68236,-78.23437,
969,-2.68248,-78.23447,
970,-2.68254,-78.23457,
971,-2.68259,-78.23468,
972,-2.68262,-78.23481,
973,-2.68263,-78.23499,
974,-2.68266,-78.23526,
975,-2.68271,-78.23546,
976,-2.68281,-78.2357,
977,-2.68288,-78.23579,
978,-2.68299,-78.23589,
979,-2.6831,-78.23594,
980,-2.68321,-78.23595,
981,-2.68332,-78.23592,
982,-2.68341,-78.23587,
983,-2.68348,-78.2358,
984,-2.68352,-78.23569,
985,-2.68354,-78.2356,
986,-2.68353,-78.23546,
987,-2.68339,-78.23498,
988,-2.68339,-78.23487,
989,-2.68341,-78.23476,
990,-2.68347,-78.23465,
991,-2.68353,-78.2346,
992,-2.68364,-78.23454,
993,-2.68373,-78.23452,
994,-2.68384,-78.23453,
995,-2.68395,-78.23458,
996,-2.68403,-78.23466,
997,-2.6841,-78.23475,
998,-2.68442,-78.23528,
999,-2.68463,-78.23563,
1000,-2.68473,-78.23574,
1001,-2.68481,-78.23582,
1002,-2.68493,-78.23589,
1003,-2.68566,-78.23613,
1004,-2.6864,-78.23634,
1005,-2.6866,-78.23636,
1006,-2.6868,-78.23631,
1007,-2.68749,-78.23604,
1008,-2.6877,-78.23599,
1009,-2.68792,-78.23599,
1010,-2.68812,-78.2361,
1011,-2.68824,-78.23624,
1012,-2.68828,-78.23643,
1013,-2.68828,-78.23653,
1014,-2.68807,-78.23737,
1015,-2.68807,-78.23754,
1016,-2.68811,-78.23771,
1017,-2.68822,-78.23789,
1018,-2.6898,-78.23943,
1019,-2.69003,-78.23956,
1020,-2.69031,-78.23958,
1021,-2.69049,-78.23949,
1022,-2.69071,-78.2393,
1023,-2.69163,-78.23812,
1024,-2.69182,-78.238,
1025,-2.69209,-78.23791,
1026,-2.69249,-78.2379,
1027,-2.69297,-78.23819,
1028,-2.69409,-78.23933,
1029,-2.6947,-78.24015,
1030,-2.69573,-78.24174,
1031,-2.69591,-78.24196,
1032,-2.6961,-78.24209,
1033,-2.69626,-78.24211,
1034,-2.6964,-78.24205,
1035,-2.69648,-78.24199,
1036,-2.69658,-78.24185,
1037,-2.69662,-78.24166,
1038,-2.69663,-78.24089,
1039,-2.69664,-78.24048,
1040,-2.69666,-78.24012,
1041,-2.69669,-78.23984,
1042,-2.69675,-78.23966,
1043,-2.6968,-78.23955,
1044,-2.69686,-78.23942,
1045,-2.69695,-78.23931,
1046,-2.69708,-78.23916,
1047,-2.69722,-78.23903,
1048,-2.69734,-78.23893,
1049,-2.69745,-78.23888,
1050,-2.69745,-78.23888,
1051,-2.69751,-78.23889,
1052,-2.69766,-78.23887,
1053,-2.69823,-78.23879,
1054,-2.6984,-78.23876,
1055,-2.69887,-78.23871,
1056,-2.69899,-78.23869,
1057,-2.69983,-78.23857,
1058,-2.69996,-78.23856,
1059,-2.70056,-78.23847,
1060,-2.70063,-78.23844,
1061,-2.70083,-78.23841,
1062,-2.70099,-78.23842,
1063,-2.70118,-78.23845,
1064,-2.70131,-78.23849,
1065,-2.70147,-78.23856,
1066,-2.70147,-78.23856,
1067,-2.70158,-78.23861,
1068,-2.7019,-78.23878,
1069,-2.70199,-78.23883,
1070,-2.70286,-78.23931,
1071,-2.70387,-78.23986,
1072,-2.70459,-78.24021,
1073,-2.70473,-78.24024,
1074,-2.7056,-78.2403,
1075,-2.70572,-78.24032,
1076,-2.70588,-78.24039,
1077,-2.70755,-78.24166,
1078,-2.70785,-78.24184,
1079,-2.70896,-78.24209,
1080,-2.70921,-78.24221,
1081,-2.70941,-78.24235,
1082,-2.71056,-78.24374,
1083,-2.71109,-78.2445,
1084,-2.71208,-78.24602,
1085,-2.71227,-78.2463,
1086,-2.71252,-78.24647,
1087,-2.71354,-78.24693,
1088,-2.71372,-78.24704,
1089,-2.71386,-78.24717,
1090,-2.71394,-78.24731,
1091,-2.71402,-78.2475,
1092,-2.71424,-78.24805,
1093,-2.71436,-78.2483,
1094,-2.71449,-78.2485,
1095,-2.71469,-78.24877,
1096,-2.71492,-78.24907,
1097,-2.71502,-78.24917,
1098,-2.71522,-78.2493,
1099,-2.71535,-78.2493,
1100,-2.71549,-78.24927,
1101,-2.71596,-78.24903,
1102,-2.71611,-78.24897,
1103,-2.71624,-78.24896,
1104,-2.71641,-78.24896,
1105,-2.71657,-78.24903,
1106,-2.71668,-78.24914,
1107,-2.71675,-78.24927,
1108,-2.71679,-78.24942,
1109,-2.71681,-78.24983,
1110,-2.7168,-78.25062,
1111,-2.71678,-78.25103,
1112,-2.71673,-78.2515,
1113,-2.71668,-78.25175,
1114,-2.71662,-78.25196,
1115,-2.71656,-78.25208,
1116,-2.71645,-78.25216,
1117,-2.71633,-78.2522,
1118,-2.71619,-78.25221,
1119,-2.71517,-78.25202,
1120,-2.71499,-78.252,
1121,-2.71488,-78.252,
1122,-2.71479,-78.25202,
1123,-2.7147,-78.25207,
1124,-2.71462,-78.25214,
1125,-2.71457,-78.25222,
1126,-2.71455,-78.25232,
1127,-2.71455,-78.25244,
1128,-2.71458,-78.25256,
1129,-2.71464,-78.25265,
1130,-2.71472,-78.25274,
1131,-2.71535,-78.25315,
1132,-2.7156,-78.25335,
1133,-2.71577,-78.25355,
1134,-2.71587,-78.25372,
1135,-2.71604,-78.25414,
1136,-2.71622,-78.25475,
1137,-2.71656,-78.25569,
1138,-2.71667,-78.25591,
1139,-2.71682,-78.25612,
1140,-2.71699,-78.25629,
1141,-2.71719,-78.25644,
1142,-2.71744,-78.25656,
1143,-2.71765,-78.25661,
1144,-2.71786,-78.25663,
1145,-2.71804,-78.25663,
1146,-2.7182,-78.25659,
1147,-2.71838,-78.25654,
1148,-2.71973,-78.25578,
1149,-2.71991,-78.25568,
1150,-2.72011,-78.25565,
1151,-2.72031,-78.25564,
1152,-2.72047,-78.25567,
1153,-2.72062,-78.25575,
1154,-2.722,-78.25663,
1155,-2.72269,-78.2568,
1156,-2.72344,-78.25695,
1157,-2.72385,-78.25703,
1158,-2.72413,-78.25706,
1159,-2.72446,-78.25704,
1160,-2.72484,-78.257,
1161,-2.72557,-78.2569,
1162,-2.7257,-78.25689,
1163,-2.72582,-78.25691,
1164,-2.72594,-78.25697,
1165,-2.72603,-78.25707,
1166,-2.72609,-78.25719,
1167,-2.72615,-78.25742,
1168,-2.72628,-78.25817,
1169,-2.72629,-78.25826,
1170,-2.72626,-78.25839,
1171,-2.72619,-78.25851,
1172,-2.72609,-78.25861,
1173,-2.72597,-78.25868,
1174,-2.72572,-78.25878,
1175,-2.72518,-78.25898,
1176,-2.72505,-78.25905,
1177,-2.72495,-78.25914,
1178,-2.72487,-78.25926,
1179,-2.7248,-78.25939,
1180,-2.72471,-78.2596,
1181,-2.72461,-78.25983,
1182,-2.72455,-78.25992,
1183,-2.7245,-78.26,
1184,-2.72438,-78.26011,
1185,-2.72427,-78.26016,
1186,-2.72415,-78.2602,
1187,-2.72398,-78.26023,
1188,-2.72372,-78.26029,
1189,-2.72359,-78.26034,
1190,-2.72347,-78.26043,
1191,-2.72337,-78.26055,
1192,-2.72329,-78.26069,
1193,-2.72326,-78.26081,
1194,-2.72327,-78.26096,
1195,-2.7233,-78.26112,
1196,-2.72336,-78.26128,
1197,-2.72343,-78.26145,
1198,-2.72352,-78.26165,
1199,-2.72366,-78.26192,
1200,-2.72383,-78.26217,
1201,-2.72396,-78.26234,
1202,-2.7241,-78.26254,
1203,-2.72419,-78.26274,
1204,-2.72424,-78.26298,
1205,-2.72425,-78.26314,
1206,-2.72427,-78.26333,
1207,-2.72433,-78.26365,
1208,-2.72439,-78.26421,
1209,-2.72445,-78.26443,
1210,-2.72454,-78.26461,
1211,-2.72464,-78.26474,
1212,-2.72472,-78.26481,
1213,-2.72486,-78.26498,
1214,-2.72516,-78.26541,
1215,-2.72553,-78.26597,
1216,-2.72573,-78.26628,
1217,-2.72593,-78.26658,
1218,-2.72611,-78.26689,
1219,-2.72619,-78.26705,
1220,-2.72621,-78.26719,
1221,-2.72623,-78.26744,
1222,-2.72623,-78.2677,
1223,-2.72622,-78.26795,
1224,-2.72622,-78.26814,
1225,-2.72627,-78.26831,
1226,-2.72635,-78.26842,
1227,-2.72647,-78.26851,
1228,-2.72657,-78.26854,
1229,-2.72668,-78.26854,
1230,-2.7268,-78.26852,
1231,-2.727,-78.26843,
1232,-2.72754,-78.26818,
1233,-2.72765,-78.26816,
1234,-2.72776,-78.26814,
1235,-2.72786,-78.26816,
1236,-2.728,-78.26822,
1237,-2.72823,-78.26838,
1238,-2.72845,-78.26855,
1239,-2.72858,-78.26869,
1240,-2.72864,-78.26878,
1241,-2.72868,-78.2689,
1242,-2.72869,-78.26903,
1243,-2.72866,-78.26917,
1244,-2.72844,-78.26975,
1245,-2.72842,-78.26987,
1246,-2.72842,-78.26999,
1247,-2.72846,-78.2701,
1248,-2.72854,-78.2702,
1249,-2.72865,-78.27028,
1250,-2.72878,-78.27032,
1251,-2.72894,-78.27034,
1252,-2.7291,-78.27033,
1253,-2.72979,-78.27031,
1254,-2.72991,-78.27033,
1255,-2.73003,-78.27035,
1256,-2.73017,-78.27042,
1257,-2.7303,-78.27051,
1258,-2.73043,-78.27063,
1259,-2.73063,-78.27093,
1260,-2.73083,-78.27122,
1261,-2.73158,-78.27239,
1262,-2.73196,-78.27308,
1263,-2.73271,-78.27457,
1264,-2.73277,-78.27473,
1265,-2.73298,-78.2752,
1266,-2.73325,-78.27582,
1267,-2.73342,-78.27632,
1268,-2.73399,-78.27826,
1269,-2.73401,-78.27842,
1270,-2.73399,-78.27859,
1271,-2.73393,-78.27873,
1272,-2.73383,-78.27889,
1273,-2.73371,-78.27904,
1274,-2.73354,-78.27922,
1275,-2.73334,-78.27941,
1276,-2.73305,-78.27958,
1277,-2.73235,-78.28,
1278,-2.73163,-78.28044,
1279,-2.73124,-78.28084,
1280,-2.73106,-78.28109,
1281,-2.73099,-78.28128,
1282,-2.73098,-78.28142,
1283,-2.73108,-78.28161,
1284,-2.73118,-78.28172,
1285,-2.73131,-78.28176,
1286,-2.73149,-78.28176,
1287,-2.7318,-78.28164,
1288,-2.73205,-78.28149,
1289,-2.73226,-78.28145,
1290,-2.73244,-78.28149,
1291,-2.73271,-78.28162,
1292,-2.73286,-78.28169,
1293,-2.73304,-78.28169,
1294,-2.73345,-78.28164,
1295,-2.73364,-78.28162,
1296,-2.73384,-78.28163,
1297,-2.73433,-78.28177,
1298,-2.73571,-78.28226,
1299,-2.73591,-78.28238,
1300,-2.73617,-78.28267,
1301,-2.73654,-78.28318,
1302,-2.73671,-78.28338,
1303,-2.73691,-78.28354,
1304,-2.7372,-78.28364,
1305,-2.73765,-78.28367,
1306,-2.73784,-78.28374,
1307,-2.73798,-78.28385,
1308,-2.73805,-78.28397,
1309,-2.73808,-78.28411,
1310,-2.73802,-78.28517,
1311,-2.73788,-78.28563,
1312,-2.73754,-78.28624,
1313,-2.73742,-78.28657,
1314,-2.73739,-78.28686,
1315,-2.73745,-78.28713,
1316,-2.73762,-78.2876,
1317,-2.73788,-78.28819,
1318,-2.73792,-78.28836,
1319,-2.73788,-78.28857,
1320,-2.73768,-78.28887,
1321,-2.73747,-78.28921,
1322,-2.73737,-78.28953,
1323,-2.73733,-78.28988,
1324,-2.73732,-78.29061,
1325,-2.73726,-78.29141,
1326,-2.73719,-78.29188,
1327,-2.73695,-78.29353,
1328,-2.73693,-78.2937,
1329,-2.73695,-78.29387,
1330,-2.73698,-78.29404,
1331,-2.73707,-78.29424,
1332,-2.73724,-78.29449,
1333,-2.73742,-78.29474,
1334,-2.73766,-78.29509,
1335,-2.73796,-78.29549,
1336,-2.73816,-78.29572,
1337,-2.73825,-78.29581,
1338,-2.73837,-78.29593,
1339,-2.73911,-78.29646,
1340,-2.73915,-78.2965,
1341,-2.73981,-78.29695,
1342,-2.73994,-78.29705,
1343,-2.7402,-78.29734,
1344,-2.7404,-78.2976,
1345,-2.74069,-78.29809,
1346,-2.7411,-78.29878,
1347,-2.74118,-78.29893,
1348,-2.74156,-78.29968,
1349,-2.74175,-78.30006,
1350,-2.74188,-78.30041,
1351,-2.74204,-78.30101,
1352,-2.74215,-78.30128,
1353,-2.74234,-78.30152,
1354,-2.74279,-78.30195,
1355,-2.74298,-78.30216,
1356,-2.74311,-78.30227,
1357,-2.7432,-78.30236,
1358,-2.74328,-78.30243,
1359,-2.7435,-78.30269,
1360,-2.74364,-78.3028,
1361,-2.74384,-78.30296,
1362,-2.74416,-78.30311,
1363,-2.74444,-78.3032,
1364,-2.74485,-78.30324,
1365,-2.74505,-78.30324,
1366,-2.74513,-78.30326,
1367,-2.74518,-78.3033,
1368,-2.74522,-78.30336,
1369,-2.74523,-78.30343,
1370,-2.74524,-78.30363,
1371,-2.7452,-78.30382,
1372,-2.74506,-78.30437,
1373,-2.74506,-78.30437,
1374,-2.74499,-78.30479,
1375,-2.74499,-78.30487,
1376,-2.74502,-78.30496,
1377,-2.74508,-78.30505,
1378,-2.74523,-78.30517,
1379,-2.74561,-78.30548,
1380,-2.74625,-78.30591,
1381,-2.74647,-78.30604,
1382,-2.74669,-78.30615,
1383,-2.74715,-78.30627,
1384,-2.74831,-78.30656,
1385,-2.74847,-78.30657,
1386,-2.74864,-78.30655,
1387,-2.74875,-78.30651,
1388,-2.74885,-78.30643,
1389,-2.74892,-78.3063,
1390,-2.74908,-78.30543,
1391,-2.74916,-78.30526,
1392,-2.74926,-78.30513,
1393,-2.74939,-78.30506,
1394,-2.74961,-78.30502,
1395,-2.75008,-78.30498,
1396,-2.75072,-78.30492,
1397,-2.75153,-78.30485,
1398,-2.75195,-78.30481,
1399,-2.75226,-78.3046,
1400,-2.75253,-78.3043,
1401,-2.7527,-78.30404,
1402,-2.7528,-78.3038,
1403,-2.75289,-78.30355,
1404,-2.75311,-78.30274,
1405,-2.75327,-78.30217,
1406,-2.75338,-78.30192,
1407,-2.75354,-78.3016,
1408,-2.75481,-78.2998,
1409,-2.75503,-78.29955,
1410,-2.75514,-78.29946,
1411,-2.75528,-78.2994,
1412,-2.75546,-78.2994,
1413,-2.7556,-78.29946,
1414,-2.75574,-78.29955,
1415,-2.75579,-78.29963,
1416,-2.75581,-78.29974,
1417,-2.75582,-78.29991,
1418,-2.75582,-78.30029,
1419,-2.7558,-78.30057,
1420,-2.75576,-78.30094,
1421,-2.75571,-78.30115,
1422,-2.75559,-78.30138,
1423,-2.75545,-78.30157,
1424,-2.75471,-78.30221,
1425,-2.75457,-78.30237,
1426,-2.75447,-78.30255,
1427,-2.75438,-78.30287,
1428,-2.75442,-78.30317,
1429,-2.7545,-78.30337,
1430,-2.75469,-78.30363,
1431,-2.75485,-78.30375,
1432,-2.75499,-78.30382,
1433,-2.75521,-78.30389,
1434,-2.75542,-78.30392,
1435,-2.75562,-78.30391,
1436,-2.75598,-78.30381,
1437,-2.75624,-78.30364,
1438,-2.75638,-78.30347,
1439,-2.75649,-78.30323,
1440,-2.7566,-78.30267,
1441,-2.75671,-78.30233,
1442,-2.75684,-78.30211,
1443,-2.75697,-78.30195,
1444,-2.75713,-78.30184,
1445,-2.75727,-78.3018,
1446,-2.75744,-78.30182,
1447,-2.75756,-78.3019,
1448,-2.75807,-78.30249,
1449,-2.75815,-78.30255,
1450,-2.75825,-78.30259,
1451,-2.75836,-78.3026,
1452,-2.75849,-78.30258,
1453,-2.75862,-78.30252,
1454,-2.75869,-78.30241,
1455,-2.75893,-78.30166,
1456,-2.75898,-78.30154,
1457,-2.7591,-78.3014,
1458,-2.7592,-78.30134,
1459,-2.75931,-78.30132,
1460,-2.75942,-78.30131,
1461,-2.75956,-78.30136,
1462,-2.75966,-78.30145,
1463,-2.75973,-78.30155,
1464,-2.75988,-78.30187,
1465,-2.75999,-78.302,
1466,-2.76006,-78.30203,
1467,-2.76017,-78.30206,
1468,-2.76031,-78.30204,
1469,-2.76042,-78.302,
1470,-2.76058,-78.30189,
1471,-2.76077,-78.30176,
1472,-2.76084,-78.30174,
1473,-2.76094,-78.30172,
1474,-2.76106,-78.30175,
1475,-2.76114,-78.30181,
1476,-2.76122,-78.30192,
1477,-2.76139,-78.30234,
1478,-2.76146,-78.30261,
1479,-2.7615,-78.30282,
1480,-2.76171,-78.30454,
1481,-2.76192,-78.30585,
1482,-2.76204,-78.30644,
1483,-2.7622,-78.30718,
1484,-2.76229,-78.30793,
1485,-2.76233,-78.30834,
1486,-2.76234,-78.30862,
1487,-2.76237,-78.30875,
1488,-2.76242,-78.30888,
1489,-2.76249,-78.30898,
1490,-2.76258,-78.30908,
1491,-2.76269,-78.30916,
1492,-2.76281,-78.30922,
1493,-2.76297,-78.30925,
1494,-2.76351,-78.30926,
1495,-2.76364,-78.30927,
1496,-2.76376,-78.30931,
1497,-2.7639,-78.30941,
1498,-2.76397,-78.30953,
1499,-2.76403,-78.30964,
1500,-2.76405,-78.30986,
1501,-2.76403,-78.31002,
1502,-2.764,-78.31019,
1503,-2.76393,-78.31034,
1504,-2.76385,-78.31047,
1505,-2.76377,-78.31056,
1506,-2.76364,-78.3106,
1507,-2.76328,-78.31061,
1508,-2.76312,-78.31062,
1509,-2.76295,-78.31066,
1510,-2.76283,-78.31076,
1511,-2.76271,-78.31098,
1512,-2.76258,-78.31122,
1513,-2.76241,-78.31141,
1514,-2.76224,-78.31158,
1515,-2.7621,-78.31174,
1516,-2.76204,-78.31194,
1517,-2.76206,-78.31214,
1518,-2.7621,-78.31226,
1519,-2.76219,-78.31237,
1520,-2.76231,-78.31245,
1521,-2.76245,-78.31251,
1522,-2.76329,-78.31273,
1523,-2.76341,-78.3128,
1524,-2.76351,-78.31288,
1525,-2.76359,-78.31303,
1526,-2.76364,-78.31327,
1527,-2.76371,-78.31379,
1528,-2.76374,-78.31396,
1529,-2.76378,-78.31408,
1530,-2.76393,-78.31434,
1531,-2.76402,-78.31448,
1532,-2.76409,-78.31465,
1533,-2.76411,-78.31482,
1534,-2.7641,-78.31497,
1535,-2.76399,-78.31543,
1536,-2.76396,-78.31563,
1537,-2.76389,-78.31612,
1538,-2.76386,-78.31629,
1539,-2.76379,-78.31654,
1540,-2.76373,-78.31669,
1541,-2.76366,-78.3168,
1542,-2.76348,-78.31703,
1543,-2.76313,-78.31741,
1544,-2.76296,-78.31763,
1545,-2.76284,-78.31787,
1546,-2.76277,-78.31812,
1547,-2.76275,-78.31832,
1548,-2.76274,-78.31882,
1549,-2.76273,-78.31916,
1550,-2.76267,-78.31951,
1551,-2.76259,-78.31969,
1552,-2.76243,-78.31993,
1553,-2.76214,-78.32026,
1554,-2.76203,-78.32041,
1555,-2.7619,-78.32062,
1556,-2.76183,-78.32088,
1557,-2.76179,-78.32116,
1558,-2.7617,-78.32219,
1559,-2.76164,-78.32314,
1560,-2.76165,-78.32332,
1561,-2.7617,-78.32347,
1562,-2.76176,-78.32357,
1563,-2.76189,-78.32366,
1564,-2.76207,-78.32377,
1565,-2.76496,-78.32515,
1566,-2.76545,-78.32537,
1567,-2.76614,-78.32574,
1568,-2.76786,-78.32678,
1569,-2.76794,-78.32685,
1570,-2.76802,-78.32697,
1571,-2.76807,-78.32715,
1572,-2.76807,-78.32729,
1573,-2.76803,-78.32762,
1574,-2.768,-78.32787,
1575,-2.768,-78.32804,
1576,-2.76804,-78.32815,
1577,-2.76831,-78.32866,
1578,-2.76855,-78.32904,
1579,-2.76882,-78.32934,
1580,-2.76914,-78.32962,
1581,-2.76966,-78.33013,
1582,-2.77121,-78.33187,
1583,-2.77175,-78.3324,
1584,-2.77186,-78.33251,
1585,-2.77209,-78.33262,
1586,-2.77233,-78.33272,
1587,-2.7725,-78.33278,
1588,-2.77551,-78.33366,
1589,-2.77572,-78.3337,
1590,-2.77595,-78.33372,
1591,-2.77629,-78.33372,
1592,-2.77638,-78.33372,
1593,-2.77669,-78.33368,
1594,-2.77692,-78.33367,
1595,-2.77705,-78.33366,
1596,-2.77713,-78.33367,
1597,-2.77724,-78.33374,
1598,-2.77734,-78.33382,
1599,-2.77799,-78.33465,
1600,-2.77838,-78.33514,
1601,-2.77902,-78.33598,
1602,-2.77914,-78.33611,
1603,-2.78009,-78.33684,
1604,-2.78089,-78.33745,
1605,-2.78118,-78.33768,
1606,-2.7818,-78.33817,
1607,-2.78243,-78.33866,
1608,-2.78254,-78.33874,
1609,-2.78301,-78.3391,
1610,-2.78324,-78.33928,
1611,-2.78345,-78.33948,
1612,-2.78364,-78.33967,
1613,-2.78372,-78.33976,
1614,-2.78378,-78.33984,
1615,-2.78384,-78.33994,
1616,-2.78388,-78.34005,
1617,-2.78392,-78.34016,
1618,-2.78395,-78.34026,
1619,-2.78399,-78.34045,
1620,-2.78406,-78.34061,
1621,-2.78412,-78.34072,
1622,-2.78432,-78.34101,
1623,-2.78443,-78.3412,
1624,-2.78451,-78.34136,
1625,-2.78472,-78.34196,
1626,-2.78482,-78.34207,
1627,-2.78499,-78.34217,
1628,-2.78518,-78.34218,
1629,-2.78538,-78.34211,
1630,-2.7855,-78.34201,
1631,-2.78558,-78.34186,
1632,-2.78589,-78.34087,
1633,-2.786,-78.34057,
1634,-2.78612,-78.34027,
1635,-2.78629,-78.34006,
1636,-2.78648,-78.33991,
1637,-2.78673,-78.33981,
1638,-2.78729,-78.33967,
1639,-2.78755,-78.33963,
1640,-2.78774,-78.33967,
1641,-2.78795,-78.33976,
1642,-2.78808,-78.33989,
1643,-2.78814,-78.33997,
1644,-2.78821,-78.34009,
1645,-2.7884,-78.34064,
1646,-2.78849,-78.34078,
1647,-2.78859,-78.34085,
1648,-2.78875,-78.3409,
1649,-2.78888,-78.3409,
1650,-2.789,-78.34086,
1651,-2.78911,-78.34078,
1652,-2.78941,-78.3404,
1653,-2.78951,-78.34032,
1654,-2.78963,-78.34027,
1655,-2.78977,-78.34026,
1656,-2.78986,-78.34026,
1657,-2.78995,-78.34029,
1658,-2.79004,-78.34034,
1659,-2.79012,-78.34042,
1660,-2.79064,-78.34121,
1661,-2.7907,-78.34133,
1662,-2.79072,-78.34149,
1663,-2.79071,-78.34196,
1664,-2.79073,-78.34211,
1665,-2.79079,-78.34225,
1666,-2.79129,-78.34294,
1667,-2.79135,-78.34307,
1668,-2.79138,-78.34325,
1669,-2.79142,-78.34368,
1670,-2.79145,-78.34386,
1671,-2.79153,-78.344,
1672,-2.79167,-78.3441,
1673,-2.79185,-78.34415,
1674,-2.79201,-78.34412,
1675,-2.79215,-78.34404,
1676,-2.79243,-78.3438,
1677,-2.79255,-78.34372,
1678,-2.79267,-78.34369,
1679,-2.79279,-78.34369,
1680,-2.79284,-78.34371,
1681,-2.79313,-78.34383,
1682,-2.79324,-78.34387,
1683,-2.79337,-78.34387,
1684,-2.79345,-78.34386,
1685,-2.79393,-78.34369,
1686,-2.79411,-78.34366,
1687,-2.79422,-78.34365,
1688,-2.79431,-78.34366,
1689,-2.79489,-78.34387,
1690,-2.79505,-78.34389,
1691,-2.7952,-78.34387,
1692,-2.79527,-78.34383,
1693,-2.79537,-78.34375,
1694,-2.79629,-78.34278,
1695,-2.79635,-78.34271,
1696,-2.7965,-78.34265,
1697,-2.79663,-78.34263,
1698,-2.79678,-78.34267,
1699,-2.79695,-78.34275,
1700,-2.79711,-78.34285,
1701,-2.79724,-78.34297,
1702,-2.79735,-78.34309,
1703,-2.79755,-78.34332,
1704,-2.79768,-78.34345,
1705,-2.79802,-78.34371,
1706,-2.79819,-78.34384,
1707,-2.79833,-78.34398,
1708,-2.79847,-78.3442,
1709,-2.79852,-78.34436,
1710,-2.79856,-78.34451,
1711,-2.79857,-78.34466,
1712,-2.79856,-78.34491,
1713,-2.79852,-78.34538,
1714,-2.79856,-78.34559,
1715,-2.79865,-78.34573,
1716,-2.7988,-78.34584,
1717,-2.79988,-78.3464,
1718,-2.80044,-78.34671,
1719,-2.80063,-78.34678,
1720,-2.80084,-78.34681,
1721,-2.80097,-78.3468,
1722,-2.80114,-78.34674,
1723,-2.80198,-78.34623,
1724,-2.8021,-78.34617,
1725,-2.80227,-78.34613,
1726,-2.8026,-78.34608,
1727,-2.8027,-78.34608,
1728,-2.80283,-78.34611,
1729,-2.80295,-78.34615,
1730,-2.80306,-78.34623,
1731,-2.80333,-78.34651,
1732,-2.80345,-78.34662,
1733,-2.80359,-78.34668,
1734,-2.80368,-78.34669,
1735,-2.80377,-78.3467,
1736,-2.80404,-78.34665,
1737,-2.80417,-78.34664,
1738,-2.80431,-78.34664,
1739,-2.80487,-78.34677,
1740,-2.80498,-78.34678,
1741,-2.80507,-78.34678,
1742,-2.8052,-78.34675,
1743,-2.80606,-78.34644,
1744,-2.80619,-78.34642,
1745,-2.80626,-78.34642,
1746,-2.80634,-78.34645,
1747,-2.80637,-78.34649,
1748,-2.80642,-78.34661,
1749,-2.80642,-78.34669,
1750,-2.80637,-78.34679,
1751,-2.80629,-78.34685,
1752,-2.80614,-78.34688,
1753,-2.80583,-78.34689,
1754,-2.80564,-78.34691,
1755,-2.80553,-78.34696,
1756,-2.80541,-78.34705,
1757,-2.80535,-78.34715,
1758,-2.80517,-78.34792,
1759,-2.80512,-78.3481,
1760,-2.80511,-78.34824,
1761,-2.80516,-78.34895,
1762,-2.80518,-78.34906,
1763,-2.80522,-78.34916,
1764,-2.80526,-78.3492,
1765,-2.80545,-78.34939,
1766,-2.80555,-78.34949,
1767,-2.8056,-78.34962,
1768,-2.80564,-78.34977,
1769,-2.80572,-78.351,
1770,-2.80577,-78.35123,
1771,-2.80586,-78.35142,
1772,-2.80594,-78.35155,
1773,-2.80606,-78.35172,
1774,-2.80616,-78.35184,
1775,-2.80632,-78.35205,
1776,-2.80642,-78.35219,
1777,-2.80666,-78.3525,
1778,-2.80678,-78.35265,
1779,-2.80689,-78.35278,
1780,-2.80696,-78.35283,
1781,-2.80701,-78.35285,
1782,-2.80713,-78.35289,
1783,-2.80724,-78.35289,
1784,-2.80734,-78.35287,
1785,-2.8075,-78.3528,
1786,-2.80774,-78.35267,
1787,-2.80787,-78.35262,
1788,-2.80793,-78.3526,
1789,-2.80807,-78.35259,
1790,-2.80818,-78.35259,
1791,-2.80853,-78.35259,
1792,-2.80881,-78.35261,
1793,-2.80899,-78.35263,
1794,-2.8099,-78.35273,
1795,-2.81,-78.35274,
1796,-2.81059,-78.35281,
1797,-2.81069,-78.35282,
1798,-2.8108,-78.35285,
1799,-2.81091,-78.35291,
1800,-2.811,-78.35298,
1801,-2.81107,-78.35307,
1802,-2.81112,-78.35317,
1803,-2.81119,-78.35331,
1804,-2.8113,-78.35354,
1805,-2.81138,-78.35362,
1806,-2.81142,-78.35367,
1807,-2.81144,-78.35369,
1808,-2.81204,-78.35413,
1809,-2.8122,-78.3543,
1810,-2.81229,-78.35442,
1811,-2.81243,-78.35467,
1812,-2.81305,-78.35596,
1813,-2.81315,-78.35611,
1814,-2.81323,-78.3562,
1815,-2.81331,-78.35626,
1816,-2.8134,-78.3563,
1817,-2.81351,-78.35632,
1818,-2.8136,-78.35631,
1819,-2.81368,-78.3563,
1820,-2.8138,-78.35627,
1821,-2.81424,-78.35612,
1822,-2.81436,-78.35608,
1823,-2.81445,-78.35603,
1824,-2.8145,-78.35598,
1825,-2.81454,-78.35592,
1826,-2.81458,-78.35583,
1827,-2.81463,-78.35572,
1828,-2.81464,-78.35565,
1829,-2.81463,-78.35558,
1830,-2.8146,-78.3555,
1831,-2.81437,-78.35484,
1832,-2.81431,-78.35462,
1833,-2.81434,-78.35443,
1834,-2.81436,-78.35435,
1835,-2.81451,-78.35406,
1836,-2.8152,-78.35294,
1837,-2.81536,-78.35259,
1838,-2.8154,-78.35244,
1839,-2.81543,-78.35222,
1840,-2.81543,-78.352,
1841,-2.81542,-78.35186,
1842,-2.81531,-78.35139,
1843,-2.81532,-78.35125,
1844,-2.81537,-78.35113,
1845,-2.81545,-78.35104,
1846,-2.81554,-78.35098,
1847,-2.81562,-78.35095,
1848,-2.81582,-78.3509,
1849,-2.81623,-78.35083,
1850,-2.81639,-78.35079,
1851,-2.81698,-78.35067,
1852,-2.81717,-78.35071,
1853,-2.81733,-78.35081,
1854,-2.81746,-78.35089,
1855,-2.81753,-78.35096,
1856,-2.81758,-78.35105,
1857,-2.81772,-78.35135,
1858,-2.81817,-78.35228,
1859,-2.81829,-78.35242,
1860,-2.81839,-78.3525,
1861,-2.81853,-78.35258,
1862,-2.81861,-78.35261,
1863,-2.81923,-78.35282,
1864,-2.81934,-78.35283,
1865,-2.81947,-78.35282,
1866,-2.8196,-78.35276,
1867,-2.81972,-78.35268,
1868,-2.82009,-78.35229,
1869,-2.82026,-78.35216,
1870,-2.82054,-78.35194,
1871,-2.82079,-78.3518,
1872,-2.82098,-78.3517,
1873,-2.82116,-78.35166,
1874,-2.82126,-78.35164,
1875,-2.82138,-78.35162,
1876,-2.82148,-78.35161,
1877,-2.82175,-78.35159,
1878,-2.82228,-78.35145,
1879,-2.82246,-78.35142,
1880,-2.82264,-78.35143,
1881,-2.82276,-78.35146,
1882,-2.82287,-78.35151,
1883,-2.823,-78.35159,
1884,-2.82329,-78.35181,
1885,-2.82353,-78.35205,
1886,-2.82372,-78.35223,
1887,-2.82385,-78.35232,
1888,-2.82398,-78.35238,
1889,-2.82409,-78.35242,
1890,-2.82437,-78.35248,
1891,-2.8245,-78.35251,
1892,-2.8246,-78.35252,
1893,-2.82468,-78.35254,
1894,-2.82497,-78.35266,
1895,-2.82507,-78.3527,
1896,-2.8252,-78.35272,
1897,-2.82545,-78.35277,
1898,-2.82594,-78.35286,
1899,-2.82616,-78.35292,
1900,-2.82623,-78.35296,
1901,-2.8263,-78.35301,
1902,-2.82635,-78.35307,
1903,-2.82638,-78.35312,
1904,-2.8264,-78.35319,
1905,-2.82642,-78.35327,
1906,-2.82641,-78.35338,
1907,-2.82615,-78.35512,
1908,-2.82617,-78.35525,
1909,-2.82621,-78.35533,
1910,-2.82629,-78.35543,
1911,-2.82639,-78.3555,
1912,-2.82686,-78.35572,
1913,-2.82702,-78.35582,
1914,-2.82709,-78.35592,
1915,-2.82713,-78.35599,
1916,-2.82715,-78.35608,
1917,-2.82716,-78.35618,
1918,-2.82713,-78.35632,
1919,-2.82706,-78.35644,
1920,-2.82657,-78.35687,
1921,-2.82642,-78.35701,
1922,-2.82616,-78.35734,
1923,-2.82609,-78.35749,
1924,-2.82607,-78.35756,
1925,-2.82607,-78.35766,
1926,-2.8261,-78.3578,
1927,-2.82617,-78.35789,
1928,-2.82631,-78.35801,
1929,-2.82644,-78.35807,
1930,-2.82704,-78.3583,
1931,-2.82725,-78.35841,
1932,-2.82739,-78.35855,
1933,-2.82747,-78.35867,
1934,-2.82759,-78.35894,
1935,-2.82771,-78.35933,
1936,-2.82777,-78.35959,
1937,-2.82797,-78.36108,
1938,-2.82802,-78.36127,
1939,-2.82818,-78.3615,
1940,-2.8283,-78.36162,
1941,-2.82847,-78.36175,
1942,-2.82865,-78.36189,
1943,-2.82924,-78.36247,
1944,-2.82952,-78.36273,
1945,-2.82974,-78.36294,
1946,-2.82983,-78.36302,
1947,-2.82994,-78.3631,
1948,-2.83006,-78.36314,
1949,-2.83014,-78.36316,
1950,-2.83035,-78.3631,
1951,-2.8305,-78.363,
1952,-2.83055,-78.36296,
1953,-2.8306,-78.36286,
1954,-2.83065,-78.3623,
1955,-2.83066,-78.36219,
1956,-2.8307,-78.36209,
1957,-2.83075,-78.36197,
1958,-2.83101,-78.36166,
1959,-2.83141,-78.3612,
1960,-2.83153,-78.36101,
1961,-2.83172,-78.3606,
1962,-2.83188,-78.36035,
1963,-2.83204,-78.36023,
1964,-2.833,-78.35974,
1965,-2.83322,-78.35958,
1966,-2.83331,-78.35944,
1967,-2.83337,-78.35928,
1968,-2.8335,-78.35878,
1969,-2.83357,-78.35865,
1970,-2.83368,-78.35853,
1971,-2.83387,-78.35843,
1972,-2.83398,-78.3584,
1973,-2.83406,-78.35839,
1974,-2.83422,-78.35842,
1975,-2.83433,-78.35847,
1976,-2.83441,-78.35853,
1977,-2.83453,-78.35864,
1978,-2.83461,-78.35876,
1979,-2.83491,-78.35953,
1980,-2.83512,-78.35999,
1981,-2.83554,-78.36066,
1982,-2.83585,-78.36122,
1983,-2.8361,-78.36183,
1984,-2.83628,-78.36221,
1985,-2.83644,-78.36248,
1986,-2.83694,-78.36321,
1987,-2.83704,-78.36333,
1988,-2.83713,-78.36341,
1989,-2.83758,-78.36365,
1990,-2.83772,-78.36374,
1991,-2.83848,-78.3643,
1992,-2.83862,-78.36443,
1993,-2.8387,-78.36454,
1994,-2.83873,-78.36466,
1995,-2.83873,-78.36474,
1996,-2.83865,-78.3652,
1997,-2.83862,-78.36546,
1998,-2.83864,-78.36558,
1999,-2.83871,-78.36574,
2000,-2.83887,-78.36591,
2001,-2.83898,-78.36595,
2002,-2.8392,-78.36603,
2003,-2.83946,-78.36605,
2004,-2.83989,-78.36603,
2005,-2.84013,-78.36596,
2006,-2.8403,-78.36586,
2007,-2.8405,-78.36569,
2008,-2.84093,-78.36531,
2009,-2.84101,-78.36522,
2010,-2.84115,-78.36508,
2011,-2.84142,-78.36483,
2012,-2.84156,-78.36477,
2013,-2.84168,-78.36473,
2014,-2.84177,-78.36472,
2015,-2.84188,-78.36474,
2016,-2.84198,-78.36477,
2017,-2.8421,-78.36485,
2018,-2.84222,-78.36497,
2019,-2.84317,-78.36611,
2020,-2.84356,-78.36659,
2021,-2.84379,-78.36685,
2022,-2.84388,-78.36694,
2023,-2.84404,-78.36709,
2024,-2.84433,-78.36728,
2025,-2.84489,-78.36762,
2026,-2.84504,-78.36769,
2027,-2.84522,-78.36774,
2028,-2.84556,-78.36774,
2029,-2.84581,-78.36777,
2030,-2.84599,-78.36782,
2031,-2.84731,-78.36838,
2032,-2.84745,-78.36843,
2033,-2.84757,-78.36844,
2034,-2.84771,-78.36842,
2035,-2.84781,-78.36839,
2036,-2.84827,-78.36817,
2037,-2.84841,-78.36813,
2038,-2.8486,-78.36807,
2039,-2.84897,-78.36802,
2040,-2.84908,-78.36799,
2041,-2.84918,-78.36796,
2042,-2.84926,-78.36791,
2043,-2.84936,-78.36782,
2044,-2.84946,-78.3677,
2045,-2.84982,-78.36734,
2046,-2.84998,-78.36717,
2047,-2.85084,-78.36629,
2048,-2.85096,-78.36616,
2049,-2.85117,-78.36595,
2050,-2.85128,-78.36588,
2051,-2.85141,-78.36579,
2052,-2.85152,-78.36574,
2053,-2.85163,-78.36572,
2054,-2.8518,-78.36573,
2055,-2.85187,-78.36576,
2056,-2.85228,-78.36594,
2057,-2.8525,-78.36607,
2058,-2.8526,-78.36615,
2059,-2.85266,-78.36623,
2060,-2.85289,-78.36671,
2061,-2.85303,-78.36697,
2062,-2.85312,-78.36707,
2063,-2.8532,-78.36712,
2064,-2.85337,-78.36718,
2065,-2.85345,-78.36718,
2066,-2.85363,-78.36714,
2067,-2.85376,-78.3671,
2068,-2.85385,-78.36706,
2069,-2.8552,-78.36647,
2070,-2.85531,-78.36645,
2071,-2.85549,-78.36647,
2072,-2.85555,-78.36649,
2073,-2.85568,-78.36659,
2074,-2.85573,-78.36665,
2075,-2.85579,-78.36678,
2076,-2.85589,-78.36707,
2077,-2.85597,-78.36727,
2078,-2.85611,-78.36748,
2079,-2.85629,-78.3677,
2080,-2.85674,-78.36822,
2081,-2.85707,-78.36859,
2082,-2.8572,-78.36871,
2083,-2.8573,-78.36877,
2084,-2.85741,-78.36882,
2085,-2.85747,-78.36884,
2086,-2.85782,-78.3689,
2087,-2.85806,-78.3689,
2088,-2.85815,-78.36889,
2089,-2.8583,-78.36885,
2090,-2.85844,-78.36879,
2091,-2.8587,-78.36864,
2092,-2.85888,-78.36856,
2093,-2.859,-78.36853,
2094,-2.85913,-78.36852,
2095,-2.86049,-78.36871,
2096,-2.86135,-78.3687,
2097,-2.86182,-78.36865,
2098,-2.8622,-78.36857,
2099,-2.86236,-78.36858,
2100,-2.86244,-78.36861,
2101,-2.86254,-78.36868,
2102,-2.86261,-78.36876,
2103,-2.86268,-78.36887,
2104,-2.8627,-78.36898,
2105,-2.86269,-78.36908,
2106,-2.86267,-78.36919,
2107,-2.86247,-78.36966,
2108,-2.86246,-78.36975,
2109,-2.86246,-78.36983,
2110,-2.8625,-78.36994,
2111,-2.86254,-78.37006,
2112,-2.86263,-78.37024,
2113,-2.86269,-78.37047,
2114,-2.86273,-78.37069,
2115,-2.86275,-78.37083,
2116,-2.8628,-78.37094,
2117,-2.86291,-78.3711,
2118,-2.86309,-78.37133,
2119,-2.86321,-78.37157,
2120,-2.86333,-78.37184,
2121,-2.86346,-78.37198,
2122,-2.86377,-78.37221,
2123,-2.86383,-78.37224,
2124,-2.86386,-78.37226,
2125,-2.8639,-78.37228,
2126,-2.86397,-78.37232,
2127,-2.86446,-78.37249,
2128,-2.8656,-78.37285,
2129,-2.86575,-78.37291,
2130,-2.86587,-78.37299,
2131,-2.86597,-78.37309,
2132,-2.86607,-78.37325,
2133,-2.86612,-78.37336,
2134,-2.86624,-78.37384,
2135,-2.86633,-78.37402,
2136,-2.86647,-78.3742,
2137,-2.86657,-78.37439,
2138,-2.86659,-78.37453,
2139,-2.86656,-78.3747,
2140,-2.86649,-78.37499,
2141,-2.86648,-78.37509,
2142,-2.8665,-78.3753,
2143,-2.86655,-78.37541,
2144,-2.8666,-78.37547,
2145,-2.86676,-78.37556,
2146,-2.86695,-78.37564,
2147,-2.86731,-78.37581,
2148,-2.86745,-78.37586,
2149,-2.86778,-78.37595,
2150,-2.86809,-78.376,
2151,-2.86818,-78.376,
2152,-2.86842,-78.37597,
2153,-2.86903,-78.37583,
2154,-2.86958,-78.37567,
2155,-2.86996,-78.37553,
2156,-2.87036,-78.37546,
2157,-2.87066,-78.37543,
2158,-2.87114,-78.37529,
2159,-2.87159,-78.37524,
2160,-2.87171,-78.37523,
2161,-2.87186,-78.37524,
2162,-2.87194,-78.37526,
2163,-2.87204,-78.37531,
2164,-2.87216,-78.37541,
2165,-2.87225,-78.37553,
2166,-2.87229,-78.37563,
2167,-2.87233,-78.37586,
2168,-2.87233,-78.37647,
2169,-2.87236,-78.37661,
2170,-2.87246,-78.37689,
2171,-2.87273,-78.37739,
2172,-2.87278,-78.37763,
2173,-2.87279,-78.37792,
2174,-2.87281,-78.37817,
2175,-2.87284,-78.37831,
2176,-2.87304,-78.37888,
2177,-2.87311,-78.37903,
2178,-2.87321,-78.37912,
2179,-2.87329,-78.37917,
2180,-2.87335,-78.3792,
2181,-2.8735,-78.37922,
2182,-2.87363,-78.3792,
2183,-2.87379,-78.37912,
2184,-2.87392,-78.37906,
2185,-2.87409,-78.37898,
2186,-2.87422,-78.37897,
2187,-2.87442,-78.379,
2188,-2.87548,-78.37923,
2189,-2.87566,-78.3793,
2190,-2.87593,-78.37947,
2191,-2.8763,-78.37975,
2192,-2.87655,-78.37985,
2193,-2.87718,-78.37995,
2194,-2.87734,-78.37997,
2195,-2.87746,-78.37998,
2196,-2.8776,-78.37998,
2197,-2.87776,-78.37995,
2198,-2.87813,-78.37983,
2199,-2.87832,-78.37975,
2200,-2.87851,-78.37963,
2201,-2.87899,-78.37921,
2202,-2.87918,-78.37905,
2203,-2.87936,-78.37895,
2204,-2.87953,-78.37893,
2205,-2.87968,-78.37896,
2206,-2.87979,-78.37901,
2207,-2.87992,-78.37912,
2208,-2.8803,-78.37948,
2209,-2.88048,-78.37967,
2210,-2.88072,-78.37998,
2211,-2.88085,-78.38017,
2212,-2.88096,-78.38037,
2213,-2.88104,-78.38056,
2214,-2.88109,-78.38077,
2215,-2.88113,-78.38127,
2216,-2.88115,-78.38154,
2217,-2.88113,-78.38169,
2218,-2.88109,-78.38185,
2219,-2.88087,-78.38239,
2220,-2.88085,-78.3825,
2221,-2.88082,-78.38261,
2222,-2.88082,-78.38275,
2223,-2.88087,-78.38287,
2224,-2.88097,-78.38298,
2225,-2.88107,-78.38304,
2226,-2.88119,-78.38308,
2227,-2.88146,-78.38314,
2228,-2.88159,-78.3832,
2229,-2.88169,-78.38328,
2230,-2.88178,-78.3834,
2231,-2.88185,-78.38355,
2232,-2.88189,-78.38369,
2233,-2.88196,-78.38381,
2234,-2.88206,-78.38392,
2235,-2.88218,-78.38398,
2236,-2.88231,-78.384,
2237,-2.88244,-78.38398,
2238,-2.88257,-78.38392,
2239,-2.88268,-78.38383,
2240,-2.88293,-78.38353,
2241,-2.88303,-78.38343,
2242,-2.88315,-78.38336,
2243,-2.88328,-78.38333,
2244,-2.88341,-78.38334,
2245,-2.88372,-78.3834,
2246,-2.8845,-78.38355,
2247,-2.88474,-78.38361,
2248,-2.88488,-78.38368,
2249,-2.88507,-78.38384,
2250,-2.88526,-78.38414,
2251,-2.88534,-78.38439,
2252,-2.88537,-78.38451,
2253,-2.88539,-78.38472,
2254,-2.88538,-78.38512,
2255,-2.88535,-78.38525,
2256,-2.88532,-78.38532,
2257,-2.88492,-78.38573,
2258,-2.88488,-78.38582,
2259,-2.88487,-78.38589,
2260,-2.88487,-78.38597,
2261,-2.88489,-78.38605,
2262,-2.88492,-78.38611,
2263,-2.88503,-78.3862,
2264,-2.88516,-78.38625,
2265,-2.88595,-78.38649,
2266,-2.88609,-78.38657,
2267,-2.88616,-78.38663,
2268,-2.88619,-78.38669,
2269,-2.88623,-78.38681,
2270,-2.88622,-78.38689,
2271,-2.88618,-78.387,
2272,-2.88608,-78.38711,
2273,-2.88589,-78.38728,
2274,-2.8856,-78.38755,
2275,-2.88556,-78.38759,
2276,-2.88553,-78.38763,
2277,-2.88549,-78.38775,
2278,-2.88549,-78.38787,
2279,-2.88556,-78.38802,
2280,-2.88576,-78.38815,
2281,-2.88593,-78.38829,
2282,-2.88612,-78.38841,
2283,-2.88624,-78.38852,
2284,-2.88634,-78.38865,
2285,-2.88639,-78.38883,
2286,-2.88644,-78.38908,
2287,-2.88648,-78.38919,
2288,-2.88656,-78.38932,
2289,-2.88669,-78.38941,
2290,-2.88683,-78.38949,
2291,-2.88745,-78.38972,
2292,-2.88756,-78.38979,
2293,-2.88766,-78.38989,
2294,-2.88769,-78.38997,
2295,-2.88771,-78.39011,
2296,-2.88767,-78.39022,
2297,-2.8876,-78.39031,
2298,-2.88746,-78.39042,
2299,-2.88702,-78.39067,
2300,-2.88682,-78.39081,
2301,-2.88675,-78.39091,
2302,-2.8867,-78.39105,
2303,-2.8867,-78.3912,
2304,-2.88673,-78.39139,
2305,-2.88703,-78.39251,
2306,-2.88738,-78.39379,
2307,-2.8878,-78.39506,
2308,-2.88789,-78.39528,
2309,-2.88805,-78.39557,
2310,-2.88842,-78.39606,
2311,-2.88852,-78.39616,
2312,-2.88863,-78.39626,
2313,-2.88876,-78.39633,
2314,-2.88889,-78.39638,
2315,-2.88918,-78.39645,
2316,-2.88935,-78.3965,
2317,-2.88952,-78.39657,
2318,-2.88982,-78.39675,
2319,-2.88997,-78.39685,
2320,-2.8903,-78.39709,
2321,-2.89048,-78.39718,
2322,-2.89054,-78.39721,
2323,-2.89072,-78.39726,
2324,-2.89119,-78.39733,
2325,-2.89135,-78.39737,
2326,-2.89145,-78.39743,
2327,-2.89163,-78.39759,
2328,-2.89214,-78.39812,
2329,-2.89224,-78.39821,
2330,-2.89237,-78.39827,
2331,-2.89248,-78.39829,
2332,-2.8926,-78.39828,
2333,-2.89275,-78.39823,
2334,-2.89315,-78.3979,
2335,-2.89324,-78.39782,
2336,-2.8933,-78.39774,
2337,-2.89332,-78.39771,
2338,-2.89335,-78.39766,
2339,-2.89341,-78.3975,
2340,-2.89342,-78.39736,
2341,-2.8934,-78.3972,
2342,-2.89322,-78.39654,
2343,-2.89311,-78.39621,
2344,-2.89305,-78.39608,
2345,-2.893,-78.39599,
2346,-2.8929,-78.39588,
2347,-2.8922,-78.39544,
2348,-2.89186,-78.39521,
2349,-2.8917,-78.39498,
2350,-2.89142,-78.39457,
2351,-2.89131,-78.39436,
2352,-2.89128,-78.39426,
2353,-2.89126,-78.39413,
2354,-2.89126,-78.39344,
2355,-2.89124,-78.39333,
2356,-2.8911,-78.39303,
2357,-2.89094,-78.39283,
2358,-2.89064,-78.39252,
2359,-2.89061,-78.39246,
2360,-2.89058,-78.39235,
2361,-2.89058,-78.39227,
2362,-2.89063,-78.39217,
2363,-2.89073,-78.39209,
2364,-2.89084,-78.39206,
2365,-2.89092,-78.39206,
2366,-2.89117,-78.3921,
2367,-2.89151,-78.3922,
2368,-2.89165,-78.39225,
2369,-2.89183,-78.39233,
2370,-2.89193,-78.39239,
2371,-2.89216,-78.39257,
2372,-2.89236,-78.39276,
2373,-2.89255,-78.39299,
2374,-2.89274,-78.39318,
2375,-2.89282,-78.39324,
2376,-2.89307,-78.39338,
2377,-2.89329,-78.39344,
2378,-2.89347,-78.39345,
2379,-2.8939,-78.39345,
2380,-2.89427,-78.39347,
2381,-2.89438,-78.39349,
2382,-2.8945,-78.39353,
2383,-2.8947,-78.39365,
2384,-2.89543,-78.39423,
2385,-2.89562,-78.39439,
2386,-2.89575,-78.39447,
2387,-2.89594,-78.39455,
2388,-2.89608,-78.39457,
2389,-2.89619,-78.39457,
2390,-2.89636,-78.39453,
2391,-2.89654,-78.39443,
2392,-2.897,-78.39408,
2393,-2.89715,-78.394,
2394,-2.89727,-78.39395,
2395,-2.89749,-78.39393,
2396,-2.89774,-78.39394,
2397,-2.89794,-78.39395,
2398,-2.89809,-78.39396,
2399,-2.89822,-78.39399,
2400,-2.89835,-78.39404,
2401,-2.89848,-78.39411,
2402,-2.89911,-78.39462,
2403,-2.89922,-78.39473,
2404,-2.8993,-78.39489,
2405,-2.89941,-78.39537,
2406,-2.8995,-78.3955,
2407,-2.89957,-78.39556,
2408,-2.89965,-78.3956,
2409,-2.89988,-78.39565,
2410,-2.90021,-78.39566,
2411,-2.90031,-78.39565,
2412,-2.90046,-78.39561,
2413,-2.90085,-78.39533,
2414,-2.90104,-78.39525,
2415,-2.90117,-78.39523,
2416,-2.90154,-78.39522,
2417,-2.90163,-78.39522,
2418,-2.90176,-78.39519,
2419,-2.902,-78.3951,
2420,-2.90213,-78.39508,
2421,-2.90226,-78.39509,
2422,-2.90234,-78.39511,
2423,-2.9026,-78.39528,
2424,-2.90285,-78.39545,
2425,-2.90301,-78.39557,
2426,-2.90323,-78.39569,
2427,-2.90366,-78.39589,
2428,-2.90383,-78.39599,
2429,-2.90426,-78.39637,
2430,-2.90459,-78.39662,
2431,-2.90469,-78.3967,
2432,-2.90475,-78.3968,
2433,-2.90479,-78.3969,
2434,-2.90492,-78.39741,
2435,-2.905,-78.39767,
2436,-2.90506,-78.39777,
2437,-2.90513,-78.39784,
2438,-2.90523,-78.39788,
2439,-2.90536,-78.39789,
2440,-2.90549,-78.39786,
2441,-2.90581,-78.39772,
2442,-2.90594,-78.3977,
2443,-2.90609,-78.39771,
2444,-2.90633,-78.3978,
2445,-2.90649,-78.39784,
2446,-2.90659,-78.39785,
2447,-2.90671,-78.39783,
2448,-2.90681,-78.3978,
2449,-2.90689,-78.39777,
2450,-2.90713,-78.39763,
2451,-2.90724,-78.39756,
2452,-2.90735,-78.39751,
2453,-2.90743,-78.39749,
2454,-2.90752,-78.39749,
2455,-2.90762,-78.39752,
2456,-2.90771,-78.39757,
2457,-2.9078,-78.39765,
2458,-2.90807,-78.39789,
2459,-2.90816,-78.39794,
2460,-2.90829,-78.39799,
2461,-2.90842,-78.39803,
2462,-2.90856,-78.39807,
2463,-2.9086,-78.39808,
2464,-2.90869,-78.3981,
2465,-2.90876,-78.39812,
2466,-2.90883,-78.39817,
2467,-2.90909,-78.3984,
2468,-2.90943,-78.39869,
2469,-2.90963,-78.39885,
2470,-2.9098,-78.39898,
2471,-2.90999,-78.39907,
2472,-2.91016,-78.39918,
2473,-2.91026,-78.39924,
2474,-2.91039,-78.39935,
2475,-2.91048,-78.39943,
2476,-2.91062,-78.39952,
2477,-2.91084,-78.39961,
2478,-2.91103,-78.39967,
2479,-2.91116,-78.39968,
2480,-2.91134,-78.39967,
2481,-2.91153,-78.39965,
2482,-2.91177,-78.39966,
2483,-2.91188,-78.39967,
2484,-2.91198,-78.3997,
2485,-2.91204,-78.39976,
2486,-2.91209,-78.39982,
2487,-2.91211,-78.39989,
2488,-2.9121,-78.39999,
2489,-2.91206,-78.40017,
2490,-2.91207,-78.40029,
2491,-2.91213,-78.40039,
2492,-2.91226,-78.4005,
2493,-2.91238,-78.40057,
2494,-2.9125,-78.40063,
2495,-2.91256,-78.40067,
2496,-2.9127,-78.40077,
2497,-2.91288,-78.4009,
2498,-2.91301,-78.40094,
2499,-2.91324,-78.40099,
2500,-2.91364,-78.40108,
2501,-2.91405,-78.40118,
2502,-2.91438,-78.40126,
2503,-2.91447,-78.40133,
2504,-2.91454,-78.40142,
2505,-2.9146,-78.40169,
2506,-2.91462,-78.4018,
2507,-2.91463,-78.40186,
2508,-2.91469,-78.40198,
2509,-2.91477,-78.40208,
2510,-2.91515,-78.40236,
2511,-2.91523,-78.40248,
2512,-2.91525,-78.40259,
2513,-2.91524,-78.40271,
2514,-2.91521,-78.40282,
2515,-2.91517,-78.40298,
2516,-2.91516,-78.40309,
2517,-2.91518,-78.40317,
2518,-2.91522,-78.40326,
2519,-2.9153,-78.40333,
2520,-2.91535,-78.40337,
2521,-2.91543,-78.40338,
2522,-2.91552,-78.40338,
2523,-2.91558,-78.40336,
2524,-2.91567,-78.40329,
2525,-2.91576,-78.4032,
2526,-2.91587,-78.40307,
2527,-2.91607,-78.40291,
2528,-2.91636,-78.40275,
2529,-2.91682,-78.40256,
2530,-2.91721,-78.40249,
2531,-2.91784,-78.40236,
2532,-2.91841,-78.40227,
2533,-2.91868,-78.40223,
2534,-2.91893,-78.4022,
2535,-2.91905,-78.40223,
2536,-2.91916,-78.40228,
2537,-2.91925,-78.40236,
2538,-2.91932,-78.40246,
2539,-2.91937,-78.40258,
2540,-2.91943,-78.40292,
2541,-2.91962,-78.40418,
2542,-2.9197,-78.40451,
2543,-2.91978,-78.40474,
2544,-2.91986,-78.40486,
2545,-2.92001,-78.40496,
2546,-2.92024,-78.40499,
2547,-2.92068,-78.40502,
2548,-2.92145,-78.40506,
2549,-2.92175,-78.40512,
2550,-2.92182,-78.40517,
2551,-2.92193,-78.40526,
2552,-2.922,-78.40538,
2553,-2.92205,-78.4055,
2554,-2.92214,-78.40601,
2555,-2.92223,-78.40666,
2556,-2.92227,-78.40682,
2557,-2.92234,-78.40694,
2558,-2.92244,-78.40707,
2559,-2.92254,-78.40717,
2560,-2.92311,-78.40755,
2561,-2.92324,-78.40764,
2562,-2.92333,-78.40766,
2563,-2.92354,-78.40764,
2564,-2.92375,-78.40757,
2565,-2.92417,-78.40739,
2566,-2.92464,-78.40714,
2567,-2.92518,-78.40679,
2568,-2.9254,-78.40667,
2569,-2.92562,-78.40657,
2570,-2.9259,-78.40651,
2571,-2.92605,-78.4065,
2572,-2.92619,-78.40653,
2573,-2.92632,-78.4066,
2574,-2.92648,-78.40677,
2575,-2.92666,-78.40714,
2576,-2.92674,-78.40723,
2577,-2.92683,-78.4073,
2578,-2.92696,-78.40733,
2579,-2.92713,-78.40734,
2580,-2.92769,-78.40728,
2581,-2.9279,-78.40729,
2582,-2.92799,-78.40732,
2583,-2.92806,-78.40737,
2584,-2.92813,-78.40746,
2585,-2.92816,-78.40755,
2586,-2.92818,-78.40764,
2587,-2.92818,-78.40774,
2588,-2.92818,-78.40808,
2589,-2.9282,-78.40816,
2590,-2.92824,-78.40822,
2591,-2.92829,-78.40828,
2592,-2.92836,-78.40831,
2593,-2.92844,-78.40833,
2594,-2.92851,-78.40833,
2595,-2.92858,-78.4083,
2596,-2.92862,-78.40828,
2597,-2.9288,-78.40813,
2598,-2.92892,-78.40802,
2599,-2.92918,-78.40778,
2600,-2.92943,-78.40759,
2601,-2.92966,-78.40744,
2602,-2.9299,-78.4073,
2603,-2.93,-78.40728,
2604,-2.9301,-78.40729,
2605,-2.93017,-78.40732,
2606,-2.93024,-78.40739,
2607,-2.93029,-78.40748,
2608,-2.93033,-78.40759,
2609,-2.93038,-78.40789,
2610,-2.93043,-78.408,
2611,-2.93048,-78.40808,
2612,-2.93054,-78.40813,
2613,-2.93065,-78.40818,
2614,-2.93073,-78.4082,
2615,-2.93092,-78.40824,
2616,-2.93102,-78.40828,
2617,-2.93111,-78.40834,
2618,-2.93119,-78.40842,
2619,-2.93126,-78.40851,
2620,-2.9314,-78.40867,
2621,-2.93146,-78.40872,
2622,-2.93152,-78.40874,
2623,-2.93161,-78.40875,
2624,-2.9317,-78.40872,
2625,-2.93175,-78.40869,
2626,-2.93183,-78.40862,
2627,-2.93204,-78.40831,
2628,-2.93217,-78.40817,
2629,-2.93229,-78.40811,
2630,-2.93247,-78.4081,
2631,-2.93266,-78.40813,
2632,-2.93298,-78.40822,
2633,-2.93326,-78.4083,
2634,-2.93343,-78.40842,
2635,-2.93354,-78.40855,
2636,-2.93363,-78.40882,
2637,-2.93367,-78.40893,
2638,-2.93379,-78.40904,
2639,-2.93392,-78.40909,
2640,-2.93412,-78.40914,
2641,-2.93463,-78.40924,
2642,-2.93518,-78.40926,
2643,-2.9354,-78.40926,
2644,-2.93589,-78.4094,
2645,-2.93611,-78.40939,
2646,-2.93623,-78.40935,
2647,-2.93637,-78.40929,
2648,-2.93665,-78.4091,
2649,-2.93694,-78.40893,
2650,-2.93706,-78.40889,
2651,-2.93718,-78.40888,
2652,-2.93729,-78.4089,
2653,-2.9374,-78.40896,
2654,-2.93749,-78.40904,
2655,-2.93755,-78.40914,
2656,-2.9376,-78.40925,
2657,-2.93762,-78.40936,
2658,-2.93763,-78.40947,
2659,-2.93764,-78.40962,
2660,-2.93765,-78.40969,
2661,-2.93766,-78.40972,
2662,-2.93767,-78.40977,
2663,-2.93771,-78.40983,
2664,-2.93775,-78.4099,
2665,-2.93783,-78.40999,
2666,-2.93794,-78.41009,
2667,-2.938,-78.41013,
2668,-2.93828,-78.41036,
2669,-2.9385,-78.41056,
2670,-2.93862,-78.41068,
2671,-2.9387,-78.41079,
2672,-2.93876,-78.41088,
2673,-2.9388,-78.41103,
2674,-2.93877,-78.41127,
2675,-2.93867,-78.41143,
2676,-2.93833,-78.41186,
2677,-2.93821,-78.41212,
2678,-2.93819,-78.41224,
2679,-2.9382,-78.41234,
2680,-2.93826,-78.41249,
2681,-2.93836,-78.4126,
2682,-2.93847,-78.41267,
2683,-2.93857,-78.41269,
2684,-2.9388,-78.41268,
2685,-2.93901,-78.41262,
2686,-2.93968,-78.41223,
2687,-2.93991,-78.41213,
2688,-2.94014,-78.41201,
2689,-2.94034,-78.41205,
2690,-2.94048,-78.41213,
2691,-2.9406,-78.41227,
2692,-2.94076,-78.41266,
2693,-2.94087,-78.4129,
2694,-2.94098,-78.413,
2695,-2.94111,-78.41309,
2696,-2.94182,-78.41352,
2697,-2.94195,-78.41364,
2698,-2.94201,-78.41372,
2699,-2.94208,-78.41386,
2700,-2.94211,-78.41396,
2701,-2.94218,-78.41436,
2702,-2.94226,-78.41457,
2703,-2.94242,-78.41478,
2704,-2.94287,-78.41527,
2705,-2.94302,-78.41541,
2706,-2.94327,-78.41558,
2707,-2.94353,-78.4157,
2708,-2.94395,-78.41587,
2709,-2.94411,-78.41597,
2710,-2.94426,-78.41612,
2711,-2.94438,-78.41629,
2712,-2.94466,-78.41676,
2713,-2.94498,-78.41718,
2714,-2.9452,-78.41753,
2715,-2.94535,-78.41786,
2716,-2.94544,-78.4181,
2717,-2.94575,-78.41849,
2718,-2.94585,-78.41857,
2719,-2.94598,-78.41864,
2720,-2.94651,-78.41869,
2721,-2.94749,-78.41887,
2722,-2.94788,-78.41899,
2723,-2.94825,-78.41922,
2724,-2.94867,-78.4196,
2725,-2.94875,-78.41977,
2726,-2.94873,-78.41993,
2727,-2.94863,-78.42026,
2728,-2.94857,-78.42062,
2729,-2.9486,-78.42085,
2730,-2.94878,-78.42117,
2731,-2.94922,-78.42131,
2732,-2.94941,-78.4214,
2733,-2.94956,-78.42153,
2734,-2.94997,-78.42197,
2735,-2.95014,-78.42207,
2736,-2.95031,-78.42213,
2737,-2.95049,-78.42215,
2738,-2.95067,-78.42214,
2739,-2.95091,-78.42211,
2740,-2.95106,-78.42211,
2741,-2.95121,-78.42217,
2742,-2.95129,-78.42227,
2743,-2.95144,-78.42261,
2744,-2.95157,-78.42295,
2745,-2.95168,-78.42323,
2746,-2.9518,-78.42342,
2747,-2.95191,-78.42351,
2748,-2.95203,-78.42356,
2749,-2.9522,-78.42357,
2750,-2.95236,-78.42358,
2751,-2.9525,-78.4236,
2752,-2.95256,-78.42361,
2753,-2.95268,-78.42364,
2754,-2.95342,-78.42387,
2755,-2.95388,-78.42401,
2756,-2.95423,-78.4241,
2757,-2.95442,-78.42411,
2758,-2.95492,-78.42396,
2759,-2.9551,-78.42393,
2760,-2.95529,-78.42394,
2761,-2.95591,-78.42407,
2762,-2.95616,-78.42415,
2763,-2.95629,-78.42427,
2764,-2.95642,-78.42475,
2765,-2.95651,-78.42522,
2766,-2.95658,-78.42537,
2767,-2.9567,-78.42546,
2768,-2.9568,-78.42549,
2769,-2.95696,-78.42551,
2770,-2.95735,-78.42551,
2771,-2.958,-78.42555,
2772,-2.95824,-78.42567,
2773,-2.95863,-78.426,
2774,-2.95905,-78.42638,
2775,-2.95918,-78.42646,
2776,-2.95923,-78.42648,
2777,-2.95929,-78.42651,
2778,-2.95937,-78.42661,
2779,-2.9594,-78.42667,
2780,-2.95943,-78.42678,
2781,-2.95944,-78.42689,
2782,-2.95943,-78.427,
2783,-2.95938,-78.42731,
2784,-2.95938,-78.42752,
2785,-2.95938,-78.42762,
2786,-2.95942,-78.42766,
2787,-2.95946,-78.4277,
2788,-2.95959,-78.42773,
2789,-2.96015,-78.42782,
2790,-2.9604,-78.42792,
2791,-2.96073,-78.42826,
2792,-2.9611,-78.42852,
2793,-2.96122,-78.42857,
2794,-2.96151,-78.42869,
2795,-2.9624,-78.42905,
2796,-2.9631,-78.42907,
2797,-2.9632,-78.42909,
2798,-2.9633,-78.42913,
2799,-2.96348,-78.42924,
2800,-2.96409,-78.42973,
2801,-2.96424,-78.42986,
2802,-2.9644,-78.42997,
2803,-2.9644,-78.42997,
2804,-2.96463,-78.42968,
2805,-2.96465,-78.42965,
2806,-2.96482,-78.42942,
2807,-2.96494,-78.42924,
2808,-2.96494,-78.42924,
2809,-2.96523,-78.42943,
2810,-2.9653,-78.42947,
2811,-2.96544,-78.42959,
2812,-2.96547,-78.42961,
2813,-2.96554,-78.42968,
2814,-2.96566,-78.4298,
2815,-2.96575,-78.42995,
2816,-2.96607,-78.43061,
2817,-2.96619,-78.43087,
2818,-2.96619,-78.43087,
2819,-2.96619,-78.43087,
2820,-2.9662,-78.43088,
2821,-2.96631,-78.4311,
2822,-2.96631,-78.4311,
2823,-2.96595,-78.43126,
2824,-2.96593,-78.43127,
2825,-2.96586,-78.43128,
2826,-2.96574,-78.43133,
2827,-2.96551,-78.43146,
2828,-2.96538,-78.43154,
2829,-2.96523,-78.43162,
2830,-2.96518,-78.43163,
2831,-2.96518,-78.43163,
2832,-2.96519,-78.43166,
2833,-2.96538,-78.43225,
2834,-2.96547,-78.43239,
2835,-2.96572,-78.4327,
2836,-2.96622,-78.43319,
2837,-2.96628,-78.43324,
2838,-2.96656,-78.4335,
2839,-2.96668,-78.4336,
2840,-2.967,-78.4339,
2841,-2.96743,-78.43429,
2842,-2.96749,-78.43435,
2843,-2.96768,-78.43457,
2844,-2.96812,-78.43573,
2845,-2.96837,-78.43604,
2846,-2.96868,-78.43637,
2847,-2.96878,-78.43647,
2848,-2.96899,-78.43667,
2849,-2.96904,-78.43671,
2850,-2.96915,-78.43682,
2851,-2.96929,-78.43697,
2852,-2.96939,-78.43718,
2853,-2.96943,-78.43727,
2854,-2.96955,-78.43757,
2855,-2.9697,-78.43794,
2856,-2.96981,-78.43813,
2857,-2.96999,-78.43834,
2858,-2.97013,-78.43848,
2859,-2.97019,-78.43853,
2860,-2.97032,-78.43863,
2861,-2.97083,-78.439,
2862,-2.97092,-78.43909,
2863,-2.97111,-78.43923,
2864,-2.97121,-78.43932,
2865,-2.97128,-78.43939,
2866,-2.97133,-78.43949,
2867,-2.97136,-78.4396,
2868,-2.97137,-78.43972,
2869,-2.97136,-78.43977,
2870,-2.97135,-78.43997,
2871,-2.97136,-78.44007,
2872,-2.9714,-78.44017,
2873,-2.97144,-78.44023,
2874,-2.97164,-78.44054,
2875,-2.97173,-78.44072,
2876,-2.97179,-78.44086,
2877,-2.97188,-78.44116,
2878,-2.97197,-78.44151,
2879,-2.97201,-78.44157,
2880,-2.97216,-78.44207,
2881,-2.97223,-78.44235,
2882,-2.97228,-78.44275,
2883,-2.97228,-78.44292,
2884,-2.97228,-78.44305,
2885,-2.97229,-78.44323,
2886,-2.97231,-78.44347,
2887,-2.97232,-78.44353,
2888,-2.97234,-78.44358,
2889,-2.97239,-78.44369,
2890,-2.97247,-78.44386,
2891,-2.97254,-78.44403,
2892,-2.97265,-78.44419,
2893,-2.97275,-78.44428,
2894,-2.97288,-78.44437,
2895,-2.97303,-78.44445,
2896,-2.97309,-78.44449,
2897,-2.97315,-78.44455,
2898,-2.97321,-78.44463,
2899,-2.97324,-78.44471,
2900,-2.97325,-78.44484,
2901,-2.97322,-78.44496,
2902,-2.97319,-78.44506,
2903,-2.97311,-78.44528,
2904,-2.97304,-78.44548,
2905,-2.97301,-78.44557,
2906,-2.97298,-78.44568,
2907,-2.97298,-78.44576,
2908,-2.97297,-78.44586,
2909,-2.97299,-78.44602,
2910,-2.97303,-78.4462,
2911,-2.97312,-78.44655,
2912,-2.9732,-78.4469,
2913,-2.97323,-78.447,
2914,-2.97328,-78.44711,
2915,-2.97335,-78.44722,
2916,-2.97349,-78.44737,
2917,-2.97362,-78.44752,
2918,-2.97367,-78.44758,
2919,-2.97373,-78.4477,
2920,-2.97374,-78.44777,
2921,-2.97372,-78.44795,
2922,-2.97367,-78.44814,
2923,-2.97363,-78.44833,
2924,-2.97361,-78.44847,
2925,-2.97359,-78.44862,
2926,-2.97357,-78.44875,
2927,-2.97357,-78.44889,
2928,-2.97357,-78.44901,
2929,-2.97359,-78.44917,
2930,-2.97363,-78.44933,
2931,-2.97367,-78.44949,
2932,-2.97372,-78.44964,
2933,-2.97381,-78.44985,
2934,-2.97391,-78.45005,
2935,-2.97404,-78.45024,
2936,-2.97422,-78.45051,
2937,-2.97512,-78.45167,
2938,-2.97549,-78.45216,
2939,-2.97599,-78.45279,
2940,-2.9764,-78.45327,
2941,-2.9767,-78.45357,
2942,-2.97704,-78.45395,
2943,-2.97717,-78.45413,
2944,-2.97732,-78.45434,
2945,-2.9774,-78.45448,
2946,-2.97762,-78.45493,
2947,-2.97774,-78.45521,
2948,-2.97784,-78.45544,
2949,-2.97792,-78.45563,
2950,-2.978,-78.45578,
2951,-2.97812,-78.4559,
2952,-2.97843,-78.45621,
2953,-2.97899,-78.45676,
2954,-2.97913,-78.45691,
2955,-2.97923,-78.45704,
2956,-2.97932,-78.45717,
2957,-2.97941,-78.45738,
2958,-2.97949,-78.45759,
2959,-2.97957,-78.45796,
2960,-2.97965,-78.45824,
2961,-2.97969,-78.45836,
2962,-2.97979,-78.4585,
2963,-2.98002,-78.45876,
2964,-2.98023,-78.45896,
2965,-2.98043,-78.45916,
2966,-2.98056,-78.45926,
2967,-2.98065,-78.45932,
2968,-2.98105,-78.45953,
2969,-2.98116,-78.4596,
2970,-2.98125,-78.45967,
2971,-2.98145,-78.4599,
2972,-2.9816,-78.46006,
2973,-2.98183,-78.46039,
2974,-2.98198,-78.46056,
2975,-2.98217,-78.46074,
2976,-2.98244,-78.46099,
2977,-2.98256,-78.4611,
2978,-2.98302,-78.4615,
2979,-2.98325,-78.46169,
2980,-2.98345,-78.4619,
2981,-2.98356,-78.46205,
2982,-2.98361,-78.46218,
2983,-2.98363,-78.46229,
2984,-2.98365,-78.46241,
2985,-2.98373,-78.46376,
2986,-2.98378,-78.46397,
2987,-2.98392,-78.46438,
2988,-2.98403,-78.46464,
2989,-2.98431,-78.46531,
2990,-2.98444,-78.46558,
2991,-2.98449,-78.46571,
2992,-2.98457,-78.46583,
2993,-2.98466,-78.46593,
2994,-2.98474,-78.466,
2995,-2.98485,-78.46607,
2996,-2.98504,-78.46614,
2997,-2.98512,-78.46618,
2998,-2.98527,-78.46626,
2999,-2.98546,-78.46637,
3000,-2.98556,-78.46644,
3001,-2.98564,-78.46652,
3002,-2.9857,-78.4666,
3003,-2.98572,-78.4667,
3004,-2.98574,-78.46679,
3005,-2.98572,-78.46693,
3006,-2.98566,-78.46707,
3007,-2.98549,-78.46748,
3008,-2.9854,-78.46765,
3009,-2.98535,-78.46775,
3010,-2.98526,-78.46794,
3011,-2.98522,-78.46806,
3012,-2.9852,-78.4682,
3013,-2.98521,-78.4683,
3014,-2.98524,-78.46844,
3015,-2.98528,-78.46849,
3016,-2.98541,-78.46868,
3017,-2.98554,-78.46883,
3018,-2.98582,-78.46924,
3019,-2.98618,-78.46971,
3020,-2.98644,-78.46997,
3021,-2.98672,-78.47021,
3022,-2.98686,-78.47032,
3023,-2.98701,-78.47041,
3024,-2.98718,-78.47047,
3025,-2.98785,-78.47058,
3026,-2.98805,-78.47066,
3027,-2.9884,-78.4709,
3028,-2.98862,-78.47111,
3029,-2.98884,-78.47138,
3030,-2.98897,-78.47155,
3031,-2.98924,-78.47189,
3032,-2.98934,-78.47199,
3033,-2.98944,-78.47207,
3034,-2.98972,-78.47223,
3035,-2.98992,-78.47236,
3036,-2.99001,-78.47245,
3037,-2.99006,-78.47255,
3038,-2.99009,-78.47266,
3039,-2.99011,-78.47277,
3040,-2.99017,-78.4732,
3041,-2.99025,-78.47385,
3042,-2.9903,-78.47413,
3043,-2.99034,-78.47424,
3044,-2.99049,-78.47464,
3045,-2.99053,-78.47482,
3046,-2.99053,-78.47513,
3047,-2.99052,-78.47545,
3048,-2.99051,-78.47558,
3049,-2.99052,-78.47565,
3050,-2.99054,-78.47572,
3051,-2.99058,-78.47579,
3052,-2.99062,-78.47583,
3053,-2.99067,-78.47588,
3054,-2.99073,-78.47591,
3055,-2.99084,-78.47595,
3056,-2.99133,-78.47613,
3057,-2.99143,-78.47619,
3058,-2.99151,-78.47624,
3059,-2.99154,-78.47627,
3060,-2.99157,-78.47631,
3061,-2.99162,-78.47638,
3062,-2.99166,-78.47651,
3063,-2.99169,-78.47665,
3064,-2.99172,-78.47685,
3065,-2.99173,-78.47704,
3066,-2.99172,-78.47717,
3067,-2.9917,-78.4773,
3068,-2.99161,-78.47756,
3069,-2.9916,-78.47761,
3070,-2.99159,-78.47766,
3071,-2.99161,-78.47776,
3072,-2.99166,-78.47785,
3073,-2.99174,-78.47793,
3074,-2.992,-78.47814,
3075,-2.99205,-78.47821,
3076,-2.99209,-78.47827,
3077,-2.99215,-78.4784,
3078,-2.9922,-78.47851,
3079,-2.99228,-78.47872,
3080,-2.99233,-78.47887,
3081,-2.99237,-78.47893,
3082,-2.9924,-78.47899,
3083,-2.99244,-78.47905,
3084,-2.99253,-78.47913,
3085,-2.9926,-78.47917,
3086,-2.99279,-78.47926,
3087,-2.9929,-78.47927,
3088,-2.993,-78.47926,
3089,-2.99309,-78.47924,
3090,-2.99318,-78.47922,
3091,-2.99389,-78.47889,
3092,-2.99403,-78.47885,
3093,-2.99418,-78.47884,
3094,-2.99432,-78.47886,
3095,-2.99444,-78.47889,
3096,-2.99455,-78.47895,
3097,-2.99495,-78.47922,
3098,-2.99524,-78.47943,
3099,-2.99533,-78.47954,
3100,-2.9954,-78.47964,
3101,-2.99544,-78.47977,
3102,-2.99547,-78.4799,
3103,-2.99552,-78.48064,
3104,-2.99559,-78.48129,
3105,-2.99562,-78.48141,
3106,-2.99566,-78.4815,
3107,-2.99581,-78.48168,
3108,-2.99589,-78.48174,
3109,-2.99625,-78.48191,
3110,-2.99637,-78.48198,
3111,-2.99647,-78.48206,
3112,-2.99653,-78.48211,
3113,-2.99661,-78.48222,
3114,-2.99665,-78.48234,
3115,-2.99666,-78.48247,
3116,-2.99663,-78.48271,
3117,-2.99654,-78.48296,
3118,-2.99642,-78.48329,
3119,-2.99629,-78.48358,
3120,-2.99607,-78.48392,
3121,-2.99561,-78.48457,
3122,-2.99545,-78.4848,
3123,-2.99541,-78.48491,
3124,-2.99538,-78.48502,
3125,-2.99536,-78.48512,
3126,-2.99532,-78.4859,
3127,-2.9953,-78.48608,
3128,-2.99527,-78.48629,
3129,-2.99526,-78.48659,
3130,-2.99526,-78.4868,
3131,-2.9953,-78.48697,
3132,-2.99536,-78.48709,
3133,-2.99545,-78.48718,
3134,-2.9956,-78.48725,
3135,-2.99578,-78.48734,
3136,-2.99653,-78.4876,
3137,-2.99729,-78.48789,
3138,-2.99795,-78.48813,
3139,-2.99803,-78.48815,
3140,-2.9981,-78.48817,
3141,-2.99821,-78.48818,
3142,-2.99832,-78.48819,
3143,-2.9984,-78.48818,
3144,-2.99847,-78.48815,
3145,-2.99853,-78.48811,
3146,-2.99865,-78.48801,
3147,-2.99888,-78.48779,
3148,-2.9992,-78.48745,
3149,-2.9996,-78.48698,
3150,-2.99997,-78.48661,
3151,-3.00008,-78.48654,
3152,-3.00021,-78.48646,
3153,-3.00046,-78.48641,
3154,-3.00178,-78.48626,
3155,-3.00197,-78.48624,
3156,-3.00226,-78.48621,
3157,-3.00241,-78.48621,
3158,-3.00255,-78.48626,
3159,-3.00263,-78.48633,
3160,-3.00269,-78.48641,
3161,-3.00274,-78.48648,
3162,-3.00277,-78.48655,
3163,-3.00278,-78.48664,
3164,-3.00278,-78.4867,
3165,-3.00276,-78.48677,
3166,-3.00275,-78.48682,
3167,-3.00272,-78.48687,
3168,-3.00268,-78.48694,
3169,-3.00261,-78.48701,
3170,-3.00257,-78.48705,
3171,-3.00253,-78.48709,
3172,-3.00249,-78.48714,
3173,-3.00246,-78.48719,
3174,-3.00243,-78.48722,
3175,-3.0024,-78.48725,
3176,-3.00237,-78.48729,
3177,-3.00229,-78.48737,
3178,-3.00218,-78.48748,
3179,-3.0021,-78.48756,
3180,-3.00199,-78.48761,
3181,-3.0019,-78.48762,
3182,-3.00179,-78.48761,
3183,-3.00169,-78.48756,
3184,-3.00157,-78.48746,
3185,-3.00145,-78.48735,
3186,-3.00136,-78.48732,
3187,-3.00129,-78.48732,
3188,-3.00125,-78.48732,
3189,-3.00116,-78.48737,
3190,-3.00111,-78.48746,
3191,-3.00109,-78.48756,
3192,-3.00112,-78.48766,
3193,-3.00115,-78.48772,
3194,-3.00119,-78.48781,
3195,-3.00123,-78.48791,
3196,-3.00125,-78.48798,
3197,-3.00126,-78.48805,
3198,-3.00126,-78.48819,
3199,-3.00125,-78.48833,
3200,-3.00123,-78.48852,
3201,-3.00123,-78.48862,
3202,-3.00125,-78.48872,
3203,-3.00128,-78.4888,
3204,-3.00133,-78.48888,
3205,-3.00139,-78.48894,
3206,-3.00145,-78.48897,
3207,-3.00153,-78.48902,
3208,-3.00161,-78.48905,
3209,-3.00182,-78.4891,
3210,-3.00199,-78.48915,
3211,-3.00213,-78.48917,
3212,-3.00248,-78.48929,
3213,-3.00342,-78.48952,
3214,-3.00364,-78.48959,
3215,-3.00383,-78.48964,
3216,-3.00394,-78.48967,
3217,-3.0042,-78.48983,
3218,-3.00442,-78.48996,
3219,-3.00457,-78.49003,
3220,-3.00468,-78.49007,
3221,-3.00479,-78.49009,
3222,-3.00487,-78.4901,
3223,-3.00496,-78.4901,
3224,-3.00504,-78.4901,
3225,-3.00514,-78.49009,
3226,-3.00519,-78.49009,
3227,-3.00523,-78.49007,
3228,-3.00544,-78.48999,
3229,-3.00567,-78.48991,
3230,-3.00622,-78.4897,
3231,-3.00656,-78.48956,
3232,-3.0068,-78.48947,
3233,-3.00759,-78.48917,
3234,-3.00776,-78.48912,
3235,-3.0083,-78.48893,
3236,-3.0089,-78.48871,
3237,-3.00925,-78.48859,
3238,-3.00961,-78.48845,
3239,-3.00978,-78.48838,
3240,-3.00992,-78.4883,
3241,-3.01006,-78.4882,
3242,-3.01023,-78.48806,
3243,-3.01065,-78.48767,
3244,-3.01072,-78.48761,
3245,-3.01076,-78.48754,
3246,-3.01079,-78.48747,
3247,-3.0108,-78.48743,
3248,-3.01082,-78.48732,
3249,-3.01083,-78.48723,
3250,-3.01082,-78.48698,
3251,-3.01082,-78.48682,
3252,-3.01084,-78.48669,
3253,-3.01087,-78.4866,
3254,-3.0109,-78.48654,
3255,-3.01095,-78.48645,
3256,-3.01111,-78.48622,
3257,-3.01121,-78.48599,
3258,-3.01124,-78.48585,
3259,-3.01127,-78.48532,
3260,-3.01129,-78.48517,
3261,-3.01135,-78.48503,
3262,-3.01141,-78.48494,
3263,-3.01151,-78.48483,
3264,-3.01176,-78.48462,
3265,-3.0121,-78.48436,
3266,-3.01222,-78.48427,
3267,-3.01234,-78.48416,
3268,-3.01264,-78.48391,
3269,-3.01279,-78.48378,
3270,-3.01287,-78.48369,
3271,-3.01291,-78.48362,
3272,-3.01292,-78.48351,
3273,-3.01284,-78.48318,
3274,-3.01284,-78.48304,
3275,-3.01291,-78.48293,
3276,-3.01372,-78.48243,
3277,-3.01403,-78.48232,
3278,-3.01441,-78.48226,
3279,-3.0146,-78.48222,
3280,-3.01504,-78.48201,
3281,-3.01528,-78.482,
3282,-3.01543,-78.48204,
3283,-3.01563,-78.48205,
3284,-3.01574,-78.48201,
3285,-3.0162,-78.48172,
3286,-3.01636,-78.48163,
3287,-3.01663,-78.48147,
3288,-3.01676,-78.48143,
3289,-3.01699,-78.48146,
3290,-3.01719,-78.4815,
3291,-3.01733,-78.4815,
3292,-3.01771,-78.48139,
3293,-3.01786,-78.4814,
3294,-3.01802,-78.48143,
3295,-3.01837,-78.48148,
3296,-3.0185,-78.48149,
3297,-3.01903,-78.48151,
3298,-3.01947,-78.48159,
3299,-3.02004,-78.48178,
3300,-3.02029,-78.48185,
3301,-3.02053,-78.48188,
3302,-3.02087,-78.48187,
3303,-3.0234,-78.48149,
3304,-3.02367,-78.48144,
3305,-3.02401,-78.48123,
3306,-3.02468,-78.48063,
3307,-3.02481,-78.48042,
3308,-3.02492,-78.47998,
3309,-3.025,-78.47974,
3310,-3.02507,-78.47959,
3311,-3.02522,-78.47949,
3312,-3.02542,-78.47946,
3313,-3.02577,-78.47952,
3314,-3.02659,-78.47963,
3315,-3.02684,-78.47965,
3316,-3.027,-78.47962,
3317,-3.02709,-78.47955,
3318,-3.02715,-78.47946,
3319,-3.02717,-78.47924,
3320,-3.02714,-78.47899,
3321,-3.0271,-78.47876,
3322,-3.02714,-78.4786,
3323,-3.02722,-78.4785,
3324,-3.02736,-78.47842,
3325,-3.02862,-78.47817,
3326,-3.02893,-78.47813,
3327,-3.02907,-78.47804,
3328,-3.02919,-78.47789,
3329,-3.02934,-78.47749,
3330,-3.02944,-78.47733,
3331,-3.02958,-78.47721,
3332,-3.02985,-78.47716,
3333,-3.03031,-78.47712,
3334,-3.03057,-78.47703,
3335,-3.03091,-78.47681,
3336,-3.03133,-78.4765,
3337,-3.03183,-78.47626,
3338,-3.0321,-78.47617,
3339,-3.03264,-78.47591,
3340,-3.03284,-78.4758,
3341,-3.03296,-78.47569,
3342,-3.03307,-78.47552,
3343,-3.03338,-78.47476,
3344,-3.03338,-78.47455,
3345,-3.03329,-78.47429,
3346,-3.03312,-78.47405,
3347,-3.03302,-78.4738,
3348,-3.03302,-78.4735,
3349,-3.03325,-78.47319,
3350,-3.03352,-78.47288,
3351,-3.03373,-78.47221,
3352,-3.03396,-78.4714,
3353,-3.03408,-78.47116,
3354,-3.03433,-78.47102,
3355,-3.03461,-78.47098,
3356,-3.03602,-78.47135,
3357,-3.03643,-78.47171,
3358,-3.03661,-78.47209,
3359,-3.03701,-78.47244,
3360,-3.0388,-78.47266,
3361,-3.03999,-78.47303,
3362,-3.04053,-78.47302,
3363,-3.04106,-78.47265,
3364,-3.04142,-78.47253,
3365,-3.04166,-78.47261,
3366,-3.04224,-78.47303,
3367,-3.04258,-78.47309,
3368,-3.04292,-78.47296,
3369,-3.04347,-78.47235,
3370,-3.04462,-78.47172,
3371,-3.04537,-78.47119,
3372,-3.04584,-78.47106,
3373,-3.04621,-78.47116,
3374,-3.04678,-78.47168,
3375,-3.04733,-78.47188,
3376,-3.04767,-78.47181,
3377,-3.0481,-78.47162,
3378,-3.04862,-78.47153,
3379,-3.04887,-78.47164,
3380,-3.04957,-78.4721,
3381,-3.05013,-78.47223,
3382,-3.05119,-78.47219,
3383,-3.05128,-78.4722,
3384,-3.05137,-78.47221,
3385,-3.05158,-78.47227,
3386,-3.05191,-78.47243,
3387,-3.05227,-78.47261,
3388,-3.05257,-78.47267,
3389,-3.05279,-78.47268,
3390,-3.05365,-78.47265,
3391,-3.0538,-78.47269,
3392,-3.05389,-78.47273,
3393,-3.05397,-78.47279,
3394,-3.05405,-78.4729,
3395,-3.05429,-78.47327,
3396,-3.05436,-78.47337,
3397,-3.05448,-78.47346,
3398,-3.05461,-78.4735,
3399,-3.05478,-78.47349,
3400,-3.05528,-78.4734,
3401,-3.05543,-78.47342,
3402,-3.05555,-78.47346,
3403,-3.05569,-78.47356,
3404,-3.05631,-78.47425,
3405,-3.0564,-78.47431,
3406,-3.05644,-78.47432,
3407,-3.0565,-78.47434,
3408,-3.0567,-78.47438,
3409,-3.05683,-78.4744,
3410,-3.05694,-78.47445,
3411,-3.05704,-78.47455,
3412,-3.05712,-78.47468,
3413,-3.05757,-78.47529,
3414,-3.05773,-78.47551,
3415,-3.05789,-78.47564,
3416,-3.05808,-78.47575,
3417,-3.0583,-78.47586,
3418,-3.05884,-78.47613,
3419,-3.0589,-78.47615,
3420,-3.05894,-78.47618,
3421,-3.05894,-78.47618,
3422,-3.05897,-78.47633,
3423,-3.05894,-78.47646,
3424,-3.05886,-78.47656,
3425,-3.05882,-78.47659,
3426,-3.05875,-78.47663,
3427,-3.05857,-78.47668,
3428,-3.05848,-78.47666,
3429,-3.05841,-78.47662,
3430,-3.05831,-78.47654,
3431,-3.05819,-78.47647,
3432,-3.05802,-78.47642,
3433,-3.05792,-78.47642,
3434,-3.05781,-78.47643,
3435,-3.05751,-78.47656,
3436,-3.05735,-78.47665,
3437,-3.05724,-78.47673,
3438,-3.05714,-78.47684,
3439,-3.05701,-78.47706,
3440,-3.05692,-78.47714,
3441,-3.05675,-78.47724,
3442,-3.05657,-78.47727,
3443,-3.05639,-78.47726,
3444,-3.05639,-78.47726,
3445,-3.05554,-78.47697,
3446,-3.0554,-78.47696,
3447,-3.05527,-78.477,
3448,-3.05518,-78.47706,
3449,-3.05511,-78.47716,
3450,-3.05508,-78.47727,
3451,-3.05509,-78.4774,
3452,-3.05517,-78.47752,
3453,-3.05545,-78.47773,
3454,-3.05565,-78.4779,
3455,-3.05581,-78.47808,
3456,-3.05593,-78.4783,
3457,-3.05602,-78.47857,
3458,-3.05605,-78.47881,
3459,-3.05606,-78.47896,
3460,-3.05604,-78.47911,
3461,-3.05599,-78.47922,
3462,-3.05588,-78.47928,
3463,-3.05575,-78.47932,
3464,-3.05556,-78.47932,
3465,-3.05538,-78.47932,
3466,-3.05527,-78.47935,
3467,-3.05517,-78.47944,
3468,-3.0551,-78.47952,
3469,-3.05507,-78.47964,
3470,-3.05508,-78.47977,
3471,-3.05514,-78.4799,
3472,-3.05523,-78.47999,
3473,-3.05558,-78.48032,
3474,-3.05574,-78.4805,
3475,-3.05585,-78.48069,
3476,-3.05595,-78.4809,
3477,-3.05618,-78.48149,
3478,-3.05631,-78.4817,
3479,-3.05643,-78.48181,
3480,-3.05724,-78.48244,
3481,-3.05754,-78.4827,
3482,-3.05786,-78.48301,
3483,-3.05824,-78.48356,
3484,-3.05845,-78.48388,
3485,-3.05855,-78.48406,
3486,-3.05863,-78.48427,
3487,-3.05866,-78.48446,
3488,-3.05868,-78.48477,
3489,-3.05865,-78.48497,
3490,-3.05859,-78.48513,
3491,-3.05849,-78.48529,
3492,-3.05825,-78.48545,
3493,-3.05785,-78.48561,
3494,-3.05702,-78.48589,
3495,-3.05651,-78.48602,
3496,-3.05478,-78.48645,
3497,-3.05459,-78.48652,
3498,-3.05448,-78.48661,
3499,-3.05439,-78.48675,
3500,-3.05437,-78.48687,
3501,-3.05439,-78.48702,
3502,-3.05446,-78.48714,
3503,-3.05457,-78.48723,
3504,-3.05468,-78.4873,
3505,-3.05554,-78.48767,
3506,-3.05575,-78.48778,
3507,-3.05588,-78.48788,
3508,-3.05605,-78.48806,
3509,-3.05626,-78.48832,
3510,-3.05638,-78.48842,
3511,-3.05653,-78.48853,
3512,-3.0568,-78.48866,
3513,-3.05712,-78.48884,
3514,-3.05739,-78.48902,
3515,-3.05762,-78.48921,
3516,-3.05783,-78.48943,
3517,-3.05804,-78.48968,
3518,-3.05837,-78.49008,
3519,-3.05859,-78.4903,
3520,-3.05872,-78.49039,
3521,-3.05894,-78.49051,
3522,-3.05932,-78.49063,
3523,-3.05949,-78.49068,
3524,-3.0596,-78.49075,
3525,-3.0597,-78.49084,
3526,-3.05978,-78.49101,
3527,-3.05992,-78.49136,
3528,-3.06006,-78.49162,
3529,-3.06013,-78.4917,
3530,-3.06021,-78.49177,
3531,-3.06026,-78.49183,
3532,-3.06092,-78.49233,
3533,-3.06105,-78.49246,
3534,-3.06119,-78.49262,
3535,-3.06138,-78.49294,
3536,-3.06163,-78.49335,
3537,-3.06178,-78.49364,
3538,-3.06185,-78.49383,
3539,-3.06193,-78.49419,
3540,-3.06196,-78.4944,
3541,-3.06196,-78.4946,
3542,-3.06193,-78.49476,
3543,-3.06186,-78.49489,
3544,-3.06172,-78.49508,
3545,-3.06113,-78.49572,
3546,-3.06102,-78.49584,
3547,-3.06088,-78.49591,
3548,-3.06072,-78.49592,
3549,-3.06057,-78.49592,
3550,-3.06033,-78.49593,
3551,-3.06019,-78.49595,
3552,-3.06008,-78.49602,
3553,-3.06,-78.49613,
3554,-3.05982,-78.49652,
3555,-3.05976,-78.49661,
3556,-3.05965,-78.49668,
3557,-3.05952,-78.4967,
3558,-3.05877,-78.49672,
3559,-3.05864,-78.49674,
3560,-3.05857,-78.49678,
3561,-3.05849,-78.49685,
3562,-3.0584,-78.49698,
3563,-3.05832,-78.49722,
3564,-3.05818,-78.49768,
3565,-3.05809,-78.49805,
3566,-3.05806,-78.49828,
3567,-3.05806,-78.49854,
3568,-3.05809,-78.49899,
3569,-3.05807,-78.49919,
3570,-3.05804,-78.49935,
3571,-3.05796,-78.49951,
3572,-3.05765,-78.49999,
3573,-3.05759,-78.50012,
3574,-3.05755,-78.50024,
3575,-3.05755,-78.50038,
3576,-3.05757,-78.50056,
3577,-3.05765,-78.50083,
3578,-3.05768,-78.501,
3579,-3.05768,-78.50119,
3580,-3.05763,-78.50134,
3581,-3.05756,-78.50142,
3582,-3.05745,-78.50152,
3583,-3.05719,-78.50165,
3584,-3.057,-78.50172,
3585,-3.05677,-78.50179,
3586,-3.0566,-78.5019,
3587,-3.05638,-78.5021,
3588,-3.05623,-78.50225,
3589,-3.0561,-78.50236,
3590,-3.05596,-78.50243,
3591,-3.05572,-78.50252,
3592,-3.05543,-78.50258,
3593,-3.05512,-78.5026,
3594,-3.05494,-78.50258,
3595,-3.05469,-78.50253,
3596,-3.05436,-78.50243,
3597,-3.05387,-78.50227,
3598,-3.05371,-78.50224,
3599,-3.05356,-78.50224,
3600,-3.05334,-78.50227,
3601,-3.05287,-78.50234,
3602,-3.0527,-78.50235,
3603,-3.05258,-78.50233,
3604,-3.05247,-78.50229,
3605,-3.05234,-78.50222,
3606,-3.05189,-78.50191,
3607,-3.05176,-78.50184,
3608,-3.05162,-78.5018,
3609,-3.05143,-78.50178,
3610,-3.05111,-78.50177,
3611,-3.05089,-78.50175,
3612,-3.05074,-78.50171,
3613,-3.05058,-78.50165,
3614,-3.0504,-78.50156,
3615,-3.04989,-78.50121,
3616,-3.04953,-78.50101,
3617,-3.04937,-78.50096,
3618,-3.04927,-78.50096,
3619,-3.04918,-78.50099,
3620,-3.04912,-78.50102,
3621,-3.0491,-78.50104,
3622,-3.04904,-78.50111,
3623,-3.049,-78.50121,
3624,-3.04897,-78.5013,
3625,-3.04897,-78.50138,
3626,-3.04898,-78.50147,
3627,-3.04902,-78.50156,
3628,-3.04953,-78.50216,
3629,-3.05138,-78.50428,
3630,-3.05179,-78.50507,
3631,-3.0521,-78.50533,
3632,-3.05285,-78.5054,
3633,-3.05318,-78.50558,
3634,-3.0542,-78.50674,
3635,-3.05446,-78.50687,
3636,-3.05513,-78.50706,
3637,-3.05545,-78.50736,
3638,-3.0556,-78.50775,
3639,-3.05557,-78.50818,
3640,-3.05451,-78.50972,
3641,-3.05449,-78.51008,
3642,-3.05459,-78.51062,
3643,-3.05467,-78.51082,
3644,-3.05482,-78.51092,
3645,-3.055,-78.51094,
3646,-3.05526,-78.51093,
3647,-3.05534,-78.51092,
3648,-3.05542,-78.51089,
3649,-3.05556,-78.51081,
3650,-3.05586,-78.51061,
3651,-3.05607,-78.51047,
3652,-3.05676,-78.50997,
3653,-3.05695,-78.5098,
3654,-3.05714,-78.50954,
3655,-3.05736,-78.50884,
3656,-3.05741,-78.50854,
3657,-3.05738,-78.50812,
3658,-3.0574,-78.50787,
3659,-3.05748,-78.50762,
3660,-3.05756,-78.50751,
3661,-3.05776,-78.50736,
3662,-3.05819,-78.50718,
3663,-3.0584,-78.50701,
3664,-3.05854,-78.50686,
3665,-3.05909,-78.50619,
3666,-3.05923,-78.50609,
3667,-3.05945,-78.50594,
3668,-3.05978,-78.50581,
3669,-3.06008,-78.50575,
3670,-3.06318,-78.50542,
3671,-3.06334,-78.50538,
3672,-3.06346,-78.50531,
3673,-3.06359,-78.5052,
3674,-3.06369,-78.50507,
3675,-3.0638,-78.50488,
3676,-3.06409,-78.5042,
3677,-3.06416,-78.50407,
3678,-3.06429,-78.50395,
3679,-3.06448,-78.50385,
3680,-3.06465,-78.50382,
3681,-3.06609,-78.50379,
3682,-3.06621,-78.50382,
3683,-3.06635,-78.5039,
3684,-3.06757,-78.50508,
3685,-3.06808,-78.50575,
3686,-3.06818,-78.50591,
3687,-3.06823,-78.50606,
3688,-3.06834,-78.50669,
3689,-3.0684,-78.50683,
3690,-3.06851,-78.50695,
3691,-3.06954,-78.50748,
3692,-3.06966,-78.50758,
3693,-3.06974,-78.50769,
3694,-3.06977,-78.50782,
3695,-3.06975,-78.50797,
3696,-3.06952,-78.50855,
3697,-3.06947,-78.50868,
3698,-3.06943,-78.50897,
3699,-3.06945,-78.50922,
3700,-3.06967,-78.51005,
3701,-3.06976,-78.51025,
3702,-3.0699,-78.51043,
3703,-3.0701,-78.51065,
3704,-3.07033,-78.51082,
3705,-3.0705,-78.51091,
3706,-3.07081,-78.51096,
3707,-3.07152,-78.51099,
3708,-3.07168,-78.51102,
3709,-3.07182,-78.5111,
3710,-3.07194,-78.51124,
3711,-3.07206,-78.51153,
3712,-3.07246,-78.51293,
3713,-3.07252,-78.51305,
3714,-3.07265,-78.51321,
3715,-3.0728,-78.51329,
3716,-3.07294,-78.51331,
3717,-3.07311,-78.51327,
3718,-3.07355,-78.51295,
3719,-3.07395,-78.51269,
3720,-3.07407,-78.51266,
3721,-3.07422,-78.51264,
3722,-3.0744,-78.51265,
3723,-3.07451,-78.51269,
3724,-3.07463,-78.5128,
3725,-3.07475,-78.51296,
3726,-3.07483,-78.51316,
3727,-3.07483,-78.51338,
3728,-3.07461,-78.51512,
3729,-3.07462,-78.5153,
3730,-3.07469,-78.51552,
3731,-3.07492,-78.51594,
3732,-3.07498,-78.51609,
3733,-3.07501,-78.51622,
3734,-3.07502,-78.51711,
3735,-3.07506,-78.51734,
3736,-3.07551,-78.51893,
3737,-3.07557,-78.51902,
3738,-3.07565,-78.51908,
3739,-3.07579,-78.5191,
3740,-3.07579,-78.5191,
3741,-3.0762,-78.51907,
3742,-3.07635,-78.51912,
3743,-3.07649,-78.51922,
3744,-3.07668,-78.51939,
3745,-3.07703,-78.5197,
3746,-3.07736,-78.52,
3747,-3.0775,-78.52012,
3748,-3.07763,-78.52017,
3749,-3.07778,-78.52019,
3750,-3.07794,-78.52015,
3751,-3.07804,-78.5201,
3752,-3.07815,-78.52,
3753,-3.07855,-78.51943,
3754,-3.07871,-78.51926,
3755,-3.0789,-78.5192,
3756,-3.07909,-78.5192,
3757,-3.07923,-78.51928,
3758,-3.07931,-78.51933,
3759,-3.07939,-78.51943,
3760,-3.07943,-78.51953,
3761,-3.07943,-78.51969,
3762,-3.07939,-78.51988,
3763,-3.07924,-78.52016,
3764,-3.0785,-78.52156,
3765,-3.0785,-78.52156,
3766,-3.07847,-78.52195,
3767,-3.07862,-78.52225,
3768,-3.07893,-78.52245,
3769,-3.07925,-78.52244,
3770,-3.07959,-78.52235,
3771,-3.08088,-78.52174,
3772,-3.08132,-78.52158,
3773,-3.08148,-78.52155,
3774,-3.08167,-78.52162,
3775,-3.08189,-78.52185,
3776,-3.08262,-78.52318,
3777,-3.08268,-78.5234,
3778,-3.08268,-78.52369,
3779,-3.08257,-78.52411,
3780,-3.08173,-78.52596,
3781,-3.08171,-78.52638,
3782,-3.08189,-78.52669,
3783,-3.08214,-78.52685,
3784,-3.08344,-78.52711,
3785,-3.08361,-78.52719,
3786,-3.08382,-78.52729,
3787,-3.08389,-78.52738,
3788,-3.08395,-78.52751,
3789,-3.08391,-78.52816,
3790,-3.08393,-78.52845,
3791,-3.08406,-78.5287,
3792,-3.08414,-78.52879,
3793,-3.08422,-78.52887,
3794,-3.08487,-78.52952,
3795,-3.08499,-78.52976,
3796,-3.08504,-78.52999,
3797,-3.08504,-78.53137,
3798,-3.08464,-78.53222,
3799,-3.08461,-78.53257,
3800,-3.08472,-78.53277,
3801,-3.08485,-78.53289,
3802,-3.08498,-78.53292,
3803,-3.08528,-78.53287,
3804,-3.08594,-78.53256,
3805,-3.08625,-78.53219,
3806,-3.08674,-78.53133,
3807,-3.08717,-78.5309,
3808,-3.08743,-78.53067,
3809,-3.08798,-78.53028,
3810,-3.08873,-78.53003,
3811,-3.08893,-78.52985,
3812,-3.08906,-78.52957,
3813,-3.08911,-78.52899,
3814,-3.08907,-78.52809,
3815,-3.08906,-78.52767,
3816,-3.08904,-78.52719,
3817,-3.08874,-78.5266,
3818,-3.08869,-78.52639,
3819,-3.08869,-78.52617,
3820,-3.08879,-78.52571,
3821,-3.08887,-78.52552,
3822,-3.08904,-78.52529,
3823,-3.08949,-78.52507,
3824,-3.08981,-78.52511,
3825,-3.09003,-78.52519,
3826,-3.0902,-78.52535,
3827,-3.09054,-78.52577,
3828,-3.0907,-78.5259,
3829,-3.09094,-78.52599,
3830,-3.09192,-78.52591,
3831,-3.09213,-78.52596,
3832,-3.0923,-78.52608,
3833,-3.09243,-78.52631,
3834,-3.09269,-78.52699,
3835,-3.0928,-78.52714,
3836,-3.09298,-78.52723,
3837,-3.09325,-78.52723,
3838,-3.09383,-78.52695,
3839,-3.09401,-78.5268,
3840,-3.09413,-78.52664,
3841,-3.09438,-78.52576,
3842,-3.09449,-78.5255,
3843,-3.09475,-78.5253,
3844,-3.0954,-78.52496,
3845,-3.09679,-78.52352,
3846,-3.097,-78.52339,
3847,-3.09721,-78.52333,
3848,-3.0976,-78.52329,
3849,-3.09776,-78.52324,
3850,-3.0979,-78.52311,
3851,-3.09797,-78.52278,
3852,-3.09799,-78.52245,
3853,-3.09801,-78.52231,
3854,-3.09807,-78.52214,
3855,-3.09818,-78.52201,
3856,-3.09831,-78.52196,
3857,-3.09847,-78.52193,
3858,-3.09865,-78.52194,
3859,-3.09879,-78.522,
3860,-3.0989,-78.52211,
3861,-3.09898,-78.52241,
3862,-3.09896,-78.52387,
3863,-3.09915,-78.52436,
3864,-3.0993,-78.52453,
3865,-3.10051,-78.52548,
3866,-3.10099,-78.52561,
3867,-3.10299,-78.52579,
3868,-3.10389,-78.52624,
3869,-3.10414,-78.52633,
3870,-3.10443,-78.52638,
3871,-3.10494,-78.52632,
3872,-3.10602,-78.5261,
3873,-3.10642,-78.52595,
3874,-3.10679,-78.52578,
3875,-3.10686,-78.52574,
3876,-3.10699,-78.52566,
3877,-3.10716,-78.52555,
3878,-3.10742,-78.5254,
3879,-3.10765,-78.52525,
3880,-3.10792,-78.52515,
3881,-3.10826,-78.52512,
3882,-3.10927,-78.52535,
3883,-3.10972,-78.52552,
3884,-3.11067,-78.52582,
3885,-3.11159,-78.52611,
3886,-3.11171,-78.52614,
3887,-3.11241,-78.52636,
3888,-3.11314,-78.52662,
3889,-3.11314,-78.52662,
3890,-3.11326,-78.52668,
3891,-3.11379,-78.52704,
3892,-3.11439,-78.52746,
3893,-3.11497,-78.52789,
3894,-3.11555,-78.52831,
3895,-3.11594,-78.52862,
3896,-3.11611,-78.52876,
3897,-3.11632,-78.52888,
3898,-3.11645,-78.52891,
3899,-3.11657,-78.52892,
3900,-3.11686,-78.52891,
3901,-3.11695,-78.5289,
3902,-3.11722,-78.52888,
3903,-3.11755,-78.52882,
3904,-3.1179,-78.52877,
3905,-3.11817,-78.52874,
3906,-3.11831,-78.52877,
3907,-3.11845,-78.52882,
3908,-3.1186,-78.52894,
3909,-3.11866,-78.529,
3910,-3.11875,-78.52907,
3911,-3.11875,-78.52907,
3912,-3.11829,-78.52966,
3913,-3.11814,-78.52989,
3914,-3.11814,-78.52989,
